0.0, 2.7222961089775084
0.0100000007, 2.4412270411053667
0.0200000014, 2.036775912250343
0.0300000012, 1.2989690895250492
0.0400000028, 0.7326155065161845
0.0500000045, 0.20472817311889088
0.0600000024, 0.10900234015746485
0.07000000769999999, -0.011876930941837553
0.0800000057, 0.13634411084626688
0.09000000359999999, 0.06745052812668882
0.100000009, 0.02157524547592821
0.110000007, -0.23573449081015932
0.120000005, -0.31512335707571015
0.13000001, -0.6585433924833053
0.140000015, -0.6603900599490854
0.150000006, -0.7710860403409427
0.160000011, -0.6202791157165487
0.170000017, -0.6601599053609903
0.180000007, -0.6778384667644547
0.190000013, -0.8590322652063241
0.200000018, -0.8732412769468125
0.21000000800000002, -1.0565430295538274
0.220000014, -1.1584860134657893
0.23000001899999997, -1.0515338675523995
0.24000001, -0.9395477391266681
0.25000003, -0.9747316025928503
0.26000002, -0.9843237971581965
0.27000001100000004, -0.9686436495695075
0.28000003100000004, -0.9674031552514321
0.290000021, -0.9684818370679759
0.300000012, -1.0724172931618121
0.310000032, -1.1055379978619673
0.320000023, -1.348379253876125
0.330000013, -1.2484434945883216
0.340000033, -1.6452414431083984
0.35000002399999997, -1.2730495298785411
0.360000014, -1.3155449290108583
0.370000035, -1.1795776847627149
0.380000025, -1.6597207233215836
0.390000015, -1.348748216967281
0.400000036, -1.744990811956147
0.410000026, -1.7768539377444263
0.420000017, -1.7225204786388948
0.43000003700000006, -1.4634671386321836
0.440000027, -1.6095565033657269
0.45000001799999995, -1.4376352532717755
0.46000003799999994, -1.3789631434879364
0.470000029, -1.4520001116847636
0.480000019, -1.5011641720391589
0.490000039, -1.8120289746540692
0.50000006, -1.8002473854465626
0.51000005, -1.6907579080677058
0.520000041, -1.7211575682995444
0.530000031, -1.817567091059256
0.540000021, -1.6470275484292476
0.550000012, -1.9896702600531606
0.5600000620000001, -2.2553987912770306
0.570000052, -1.856161683367847
0.580000043, -1.7507445338468848
0.5900000329999999, -1.7187176227787173
0.600000024, -1.5774800587627769
0.610000014, -1.4787145619472077
0.620000064, -1.6816924150472792
0.630000055, -1.8825070260132832
0.640000045, -1.7637599587104167
0.650000036, -1.6813510481736629
0.660000026, -1.8041421942604423
0.670000076, -1.9508870139072483
0.680000067, -1.8654271543777112
0.690000057, -1.8136466944270424
0.7000000479999999, -1.852457109632782
0.710000038, -1.7174238235396337
0.720000029, -1.405054113263448
0.7300000790000001, -1.4743909449735437
0.740000069, -1.415319816217912
0.75000006, -1.5841122092147282
0.76000005, -1.9676592753911786
0.770000041, -2.2531283619820415
0.7800000309999999, -1.9971087297072987
0.790000081, -2.0922851185974176
0.800000072, -1.7883844415667065
0.8100000620000001, -1.6375425021464167
0.820000052, -1.591316750656115
0.830000043, -1.798368451156616
0.8400000329999999, -1.7415274024714065
0.850000083, -1.7434534979182117
0.8600000740000001, -1.5659465828009254
0.8700000640000001, -1.472703197491765
0.880000055, -1.4548894272847295
0.890000045, -1.5260973616739248
0.9000000359999999, -1.489486011622607
0.9100000859999999, -1.7847520566724906
0.9200000759999999, -1.9298037520174203
0.930000067, -2.1428927916682956
0.940000057, -2.1736044880641474
0.9500000479999999, -2.422124280633036
0.960000038, -1.9993939887257304
0.9700000879999999, -2.096018418842729
0.9800000790000001, -1.8823080682724291
0.990000069, -2.227002989748512
1.00000012, -2.6781651482997604
1.01000011, -2.6935615524256886
1.0200001, -2.49853978822043
1.03000009, -2.184161221294726
1.04000008, -1.859278630816218
1.05000007, -1.691288035240417
1.06000006, -1.7740378908717362
1.07000005, -1.9509112292561
1.08000004, -2.0851840130331136
1.09000003, -1.8332851328903808
1.10000002, -1.7961868592712247
1.11000013, -1.8369977480671889
1.12000012, -1.8380646206907647
1.13000011, -1.7703114228472203
1.1400001, -2.338155611641312
1.1500001, -2.627161583972521
1.16000009, -2.161675968622976
1.17000008, -1.9370185737236443
1.18000007, -2.2014760154355133
1.19000006, -2.032297637285106
1.20000005, -1.7982794998274794
1.21000004, -1.9914036304368279
1.22000003, -2.0162052482227986
1.23000014, -2.040880195353398
1.24000013, -1.9882189484243988
1.25000012, -1.8121503086127306
1.26000011, -2.0869567561676683
1.2700001, -2.377618491219337
1.28000009, -2.0783251618637393
1.29000008, -1.8655966992665005
1.30000007, -2.047272125979228
1.31000006, -1.7244224456288542
1.32000005, -1.5427311551827756
1.33000004, -1.6790012122272047
1.34000015, -1.949665058070823
1.35000014, -2.0310834485920526
1.36000013, -1.9901375789942302
1.37000012, -2.152223694978386
1.38000011, -2.09155511743858
1.3900001, -1.7628693454147295
1.4000001, -1.68753843848064
1.41000009, -1.9539854161529453
1.42000008, -2.1998244198819523
1.43000007, -2.1201847671191234
1.44000006, -2.0167176264792155
1.45000005, -1.8430266663014065
1.46000016, -2.0723494787953753
1.47000015, -1.8715099149142873
1.48000014, -1.935892017569967
1.49000013, -2.500071018955928
1.50000012, -3.0252113380306755
1.51000011, -2.3774203025361706
1.5200001, -2.4530843511494904
1.53000009, -1.9569331367914322
1.54000008, -1.9368609784815625
1.55000007, -2.306868382796544
1.56000006, -2.000207715943104
1.57000005, -2.215385969046646
1.58000016, -2.538352218657509
1.59000015, -2.6861652542214354
1.60000014, -2.213433008853854
1.61000013, -2.8268624361526395
1.62000012, -2.5519806295258958
1.63000011, -2.506100895047446
1.6400001, -1.99705389037385
1.6500001, -2.0804537568367927
1.66000009, -1.85176131935704
1.67000008, -1.6654216762103513
1.68000007, -2.205346143553248
1.69000018, -2.8516602787266563
1.70000017, -2.7126132279928323
1.71000016, -2.6287698951522542
1.72000015, -3.4958961529147876
1.73000014, -2.074134637837042
1.74000013, -2.013220700636282
1.75000012, -2.016338057916037
1.76000011, -2.070910079598523
1.7700001, -2.05760093741136
1.78000009, -2.2032172238482004
1.79000008, -2.0749259648997653
1.80000007, -2.0878770251802434
1.81000018, -1.9121780532077932
1.82000017, -2.3587279485702526
1.83000016, -3.1451480249350663
1.84000015, -2.3692258506565302
1.85000014, -2.1969200562474733
1.86000013, -2.7841516189723112
1.87000012, -1.8461559792545896
1.88000011, -1.6062641376895528
1.8900001, -2.1245750922807725
1.9000001, -2.068828425052346
1.91000009, -2.292255256538477
1.92000008, -2.1325163247975873
1.93000019, -2.403577461358115
1.94000018, -1.9985681519182181
1.95000017, -2.3181325999370763
1.96000016, -1.9158624163403377
1.97000015, -2.1461396866952214
1.98000014, -2.1502345510660867
1.99000013, -2.2157599083087938
2.00000024, -1.7683516125061087
2.01000023, -1.9564055565061627
2.02000022, -1.9764550299439039
2.03000021, -1.7459955557682008
2.0400002, -1.8839186635733742
2.05000019, -2.6205369203623423
2.06000018, -2.216703164157585
2.07000017, -1.8657681986388086
2.08000016, -2.2084276939316463
2.09000015, -2.2192425137366425
2.10000014, -1.8773634982620093
2.11000013, -2.046351272588894
2.12000012, -2.92626572946762
2.13000011, -2.7104484805767584
2.1400001, -2.285817205473849
2.1500001, -2.3595737651938626
2.16000009, -2.042681233919971
2.17000008, -1.9186156086121045
2.18000007, -1.696740183001892
2.19000006, -2.1181527039082426
2.20000005, -1.987876410916473
2.21000004, -1.8517340924893286
2.22000027, -1.8686705866727913
2.23000026, -1.9893656439874179
2.24000025, -2.0078200668370894
2.25000024, -2.422279005638504
2.26000023, -2.5753898799127772
2.27000022, -2.5030637419871895
2.28000021, -2.6579291578025654
2.2900002, -2.0662390422110337
2.30000019, -1.8178565669951514
2.31000018, -1.9173497582839696
2.32000017, -2.0417262700583043
2.33000016, -1.9664204486744947
2.34000015, -2.760112729695597
2.35000014, -2.466607320112978
2.36000013, -2.784730238643547
2.37000012, -2.5755655037596226
2.38000011, -2.4021024299859803
2.3900001, -2.0907674448245084
2.4000001, -2.1642755929026904
2.41000009, -2.3508008008551022
2.42000008, -2.532208182247628
2.43000007, -2.6120198363297105
2.44000006, -2.5563157426510634
2.45000029, -2.803743569497907
2.46000028, -2.903136736077432
2.47000027, -3.3251653445833647
2.48000026, -3.7890165669018603
2.49000025, -3.881450208714938
2.50000024, -3.0 
2.51000023, -2.447638951219063
2.52000022, -2.1465144631652
2.53000021, -2.2191033908004916
2.5400002, -2.2032485542989333
2.55000019, -2.4951173876931017
2.56000018, -4.289965076330817
2.57000017, -2.9608007452011096
2.58000016, -3.3803570960960507
2.59000015, -3.1055935946580755
2.60000014, -2.6875546160155714
2.61000013, -2.481572459742383
2.62000012, -2.7693922074211357
2.63000011, -2.2386453409579192
2.6400001, -2.424240495921092
2.6500001, -2.418434337779828
2.66000009, -2.4969319122227933
2.67000008, -2.787801004508943
2.68000031, -3.5963044882536117
2.6900003, -2.711475123679492
2.70000029, -2.2779674756840427
2.71000028, -2.292385567727038
2.72000027, -2.606177889548658
2.73000026, -2.4869617196783365
2.74000025, -2.9386769353194837
2.75000024, -3.7514842272466002
2.76000023, -3.1349101157448804
2.77000022, -2.288552178051839
2.78000021, -2.2442882906553434
2.7900002, -2.1976099940797114
2.80000019, -2.15705785167852
2.81000018, -2.176107898372461
2.82000017, -2.352966760092684
2.83000016, -2.130751203696072
2.84000015, -1.9314934378204835
2.85000014, -2.007669025094929
2.86000013, -2.4675542691901193
2.87000012, -2.5775388359483866
2.88000011, -2.648918654403184
2.8900001, -2.9922000073580133
2.9000001, -3.1876372686696106
2.91000032, -2.4639336201505184
2.92000031, -3.134034193700506
2.93000031, -3.1143326943285903
2.9400003, -3.63847162459472
2.95000029, -3.203909874478403
2.96000028, -2.845928215644335
2.97000027, -2.3311788497618027
2.98000026, -3.0452036522173387
2.99000025, -2.7024082982098974
3.00000024, -2.265751729408723
3.01000023, -2.558131825911597
3.02000022, -2.834478783426991
3.03000021, -2.327880398667412
3.0400002, -2.224915998327732
3.05000019, -2.95380493316163
3.06000018, -2.7089495548996254
3.07000017, -2.487970599130507
3.08000016, -2.193770746462765
3.09000015, -2.1885720367436967
3.10000014, -2.0553509378506254
3.11000013, -2.9818422749771654
3.12000012, -2.7382150190371766
3.13000011, -3.378874020557213
3.1400001, -4.4974621422916385
3.15000033, -4.365147878038253
3.16000032, -2.5173540084681303
3.17000031, -2.593015933235563
3.18000031, -2.441353740745686
3.1900003, -2.2870341117375856
3.20000029, -2.616657572527294
3.21000028, -4.505353770893564
3.22000027, -3.2200121442345813
3.23000026, -3.619467792038673
3.24000025, -2.74417542554801
3.25000024, -2.265188159223502
3.26000023, -2.0322392100972393
3.27000022, -2.581249294280607
3.28000021, -2.9121456124683682
3.2900002, -3.6172872897123267
3.30000019, -3.1874724199042586
3.31000018, -2.536784093351148
3.32000017, -2.6749626457156355
3.33000016, -2.2713517601636957
3.34000015, -2.155822972269015
3.35000014, -2.522014583727964
3.36000013, -2.8232400211505357
3.37000012, -2.505291028218962
3.38000035, -2.796406315227491
3.39000034, -2.7082588564692274
3.40000033, -2.339963542078345
3.41000032, -2.5618700912118095
3.42000031, -2.7649501411846726
3.43000031, -3.0252211170663044
3.4400003, -3.0444510428980944
3.45000029, -5.83538166866504
3.46000028, -2.6615815487859353
3.47000027, -2.3469074508734824
3.48000026, -2.4732292805898006
3.49000025, -3.5231444989350087
3.50000024, -2.6495589880671604
3.51000023, -3.0019679357476954
3.52000022, -3.5458902415037747
3.53000021, -2.584961248618271
3.5400002, -2.5307761176464205
3.55000019, -3.08463338434816
3.56000018, -5.1060003050037785
3.57000017, -4.062945929235738
3.58000016, -4.026677840883676
3.59000015, -3.3967271070449003
3.60000014, -3.429803213276483
3.61000037, -2.5225512789839684
3.62000036, -2.7154935650316023
3.63000035, -2.571769765797923
3.64000034, -2.7258082644065387
3.65000033, -2.504314785351077
3.66000032, -2.873453181125508
3.67000031, -2.1023358290307663
3.68000031, -2.447523544232599
3.6900003, -2.0837999005829713
3.70000029, -2.649182241784858
3.71000028, -2.8081723606028017
3.72000027, -3 
3.73000026, -3.561082499395135
3.74000025, -4.305452509861704
3.75000024, -3.0485610455525776
3.76000023, -3.262001770926839
3.77000022, -3.137133589748395
3.78000021, -3.401696688094868
3.7900002, -5.729742962961407
3.80000019, -2.6221115047037484
3.81000018, -2.480796703997729
3.82000017, -2.3094739403099855
3.83000016, -2.6437559828979205
3.84000015, -2.5228241554228035
3.85000038, -2.7289524998114243
3.86000037, -2.7752300805172236
3.87000036, -3.304719634275666
3.88000035, -2.3666958470769908
3.89000034, -2.122208426774236
3.90000033, -2.3040465229627975
3.91000032, -2.1960118812094955
3.92000031, -1.9339570513169129
3.93000031, -2.2070148606426794
3.9400003, -2.766828014226372
3.95000029, -2.7964536499198305
3.96000028, -2.8648070445255183
3.97000027, -3.4320524220144404
3.98000026, -11.744911748251834
3.99000025, -2.8158696212226277
4.00000048, -2.5664163844295778
4.01000023, -2.2834554708405213
4.02000046, -2.316080210046714
4.03000021, -2.0274332949636213
4.04000044, -2.541029420185915
4.05000019, -2.986406798476597
4.06000042, -2.7883492219711674
4.07000017, -2.6284514739426688
4.0800004, -3.0796336342797344
4.09000015, -2.3340651098841323
4.10000038, -2.670340652404151
4.11000013, -2.8546448762433236
4.12000036, -2.733122462773925
4.13000011, -2.9234439205893055
4.14000034, -2.6660196828050844
4.1500001, -2.519856488462484
4.16000032, -2.693496429981773
4.17000008, -2.4645500246828314
4.18000031, -2.234374166212853
4.19000053, -2.335750068077847
4.20000029, -2.1280851386707615
4.21000051, -2.242840053755798
4.22000027, -2.6702701778405644
4.2300005, -2.834329828422995
4.24000025, -2.479488388990131
4.25000048, -2.1985697868950216
4.26000023, -2.4335940288892077
4.27000046, -2.1353644855119582
4.28000021, -2.195839324402251
4.29000044, -3.3404601657140893
4.30000019, -4.128336546952245
4.31000042, -2.942186841992291
4.32000017, -2.7280073192934937
4.3300004, -2.4839508453546237
4.34000015, -2.410362693671957
4.35000038, -2.517545278321424
4.36000013, -2.534059720299974
4.37000036, -3.1815763625782796
4.38000011, -3.6002542464099
4.39000034, -2.585622532844048
4.4000001, -2.799272216137418
4.41000032, -2.7620702499817873
4.42000008, -2.6411132489137557
4.43000031, -2.2054719768747857
4.44000053, -2.6240814480468058
4.45000029, -2.6358397536889653
4.46000051, -3.246631585836038
4.47000027, -3.032364770869438
4.4800005, -3.1340990567165274
4.49000025, -2.7173505894487753
4.50000048, -2.493277199212422
4.51000023, -2.080755386636254
4.52000046, -2.2682969799428414
4.53000021, -2.51284193477838
4.54000044, -2.866937351969586
4.55000019, -2.62498844279792
4.56000042, -2.4787838813685443
4.57000017, -2.253488161977613
4.5800004, -2.105841235368391
4.59000015, -2.234529743590283
4.60000038, -2.274089496337828
4.61000013, -2.842700971355766
4.62000036, -3.408368890851087
4.63000011, -3.3640532339246816
4.64000034, -2.6072376533455186
4.6500001, -2.9965822203493153
4.66000032, -3.5140943418430637
4.67000055, -2.542381130030025
4.68000031, -2.7361735921643797
4.69000053, -2.704475653247434
4.70000029, -2.675024962056309
4.71000051, -2.195228819945528
4.72000027, -2.9273368263026986
4.7300005, -3.045268303572212
4.74000025, -3.8854975126138376
4.75000048, -4.067653909325028
4.76000023, -3.593884871582586
4.77000046, -3.2617615300739056
4.78000021, -2.5129087587714265
4.79000044, -2.3835174736952647
4.80000019, -2.5379423126709586
4.81000042, -3.108064604647545
4.82000017, -2.4664076208894694
4.8300004, -2.725628190782232
4.84000015, -2.966955723988424
4.85000038, -2.613310557568209
4.86000013, -2.491440541258184
4.87000036, -2.3567740290557104
4.88000011, -2.970551633882844
4.89000034, -2.8739993402244193
4.90000057, -2.2481417367450853
4.91000032, -2.2235716143642867
4.92000055, -2.652167406068092
4.93000031, -2.0353027003698405
4.94000053, -2.252080929798628
4.95000029, -2.590952487958997
4.96000051, -2.4267820868737457
4.97000027, -2.6057655004572453
4.9800005, -3.5504882168476906
4.99000025, -3.6596825191248565
5.00000048, -5.444600950352403
5.01000023, -4.0 
5.02000046, -3.496763128929062
5.03000021, -3.171226196100163
5.04000044, -2.55075705750459
5.05000019, -2.474934488044415
5.06000042, -2.279574026678781
5.07000017, -2.334415609984715
5.0800004, -2.2390825694417
5.09000015, -2.2580428453171124
5.10000038, -2.208510818060155
5.11000013, -2.423527156253044
5.12000036, -2.743340761314102
5.13000059, -4.677886513082996
5.14000034, -4.642714636694606
5.15000057, -4.261893854098303
5.16000032, -4.6621368932637415
5.17000055, -3.5458918301090305
5.18000031, -2.248725519259975
5.19000053, -2.1940596471157896
5.20000029, -2.808942389619443
5.21000051, -2.413565573333627
5.22000027, -2.7883811944260617
5.2300005, -2.9079892482176346
5.24000025, -3.3566683702368305
5.25000048, -2.4042365871618174
5.26000023, -2.531694470035919
5.27000046, -2.3274597093766025
5.28000021, -2.4451932561985825
5.29000044, -2.079872969611484
5.30000019, -1.8510337897192999
5.31000042, -2.2658692843037573
5.32000017, -2.134387383134917
5.3300004, -2.198437515908884
5.34000015, -2.633380601647773
5.35000038, -3.9000873249043515
5.36000061, -2.759084364961713
5.37000036, -2.877646528874163
5.38000059, -2.6713419834509247
5.39000034, -2.7430394948790275
5.40000057, -2.4545286918839495
5.41000032, -2.6833452750852103
5.42000055, -2.3382446415652747
5.43000031, -2.92793790427197
5.44000053, -2.3339614135169393
5.45000029, -2.69805315833016
5.46000051, -2.4932873768203923
5.47000027, -2.5945621975048967
5.4800005, -3.179558758664716
5.49000025, -8.28402374774728
5.50000048, -3.5571732875014317
5.51000023, -3.188885154729974
5.52000046, -4.009364522702143
5.53000021, -2.290914985764774
5.54000044, -2.4180902358193466
5.55000019, -2.850792243427467
5.56000042, -3.201860674075409
5.57000017, -2.7302417553755407
5.5800004, -3.053487969401919
5.59000063, -2.2896190123069253
5.60000038, -2.072895849303655
5.61000061, -2.2571338824551557
5.62000036, -2.6350288868974365
5.63000059, -2.564601808563652
5.64000034, -3.719946268834953
5.65000057, -2.96312297154003
5.66000032, -2.460603224179595
5.67000055, -2.398327523525257
5.68000031, -3.7569810737409863
5.69000053, -2.2058885275756217
5.70000029, -2.4722178259329444
5.71000051, -2.674799692088819
5.72000027, -2.9653801193032754
5.7300005, -2.426162704474323
5.74000025, -2.588038861693042
5.75000048, -2.7841955117289556
5.76000023, -2.453337208954082
5.77000046, -2.1026188294949315
5.78000021, -2.0561304743281448
5.79000044, -2.614349903909236
5.80000019, -2.51425081812081
5.81000042, -2.5673360000866534
5.82000065, -2.6849820266021336
5.8300004, -2.8251031769296344
5.84000063, -2.6319263264032475
5.85000038, -2.5974530397086473
5.86000061, -2.4717497603343404
5.87000036, -2.3219565424327597
5.88000059, -2.237702316344204
5.89000034, -2.0195082332049434
5.90000057, -2.225220706582931
5.91000032, -2.133703628671203
5.92000055, -2.964089669644723
5.93000031, -2.383616276782499
5.94000053, -2.681211934416306
5.95000029, -3.1109575036857278
5.96000051, -2.8350767118481706
5.97000027, -1.9224567509985933
5.9800005, -2.207257566067456
5.99000025, -2.2559573762773044
6.00000048, -1.7425797332944146
6.01000023, -1.9926738870947653
6.02000046, -2.321281291584274
6.03000021, -2.109742128178508
6.04000044, -2.2741727004445855
6.05000019, -2.231156538432883
6.06000042, -2.308999230060802
6.07000065, -2.2096065094307265
6.0800004, -2.5686767408721214
6.09000063, -2.110835148961539
6.10000038, -2.351174557395024
6.11000061, -2.3604547866747123
6.12000036, -2.2287467232512164
6.13000059, -1.99549301840149
6.14000034, -2.4239406940443833
6.15000057, -2.3916884834095127
6.16000032, -2.404909139394307
6.17000055, -2.471953516693178
6.18000031, -3.092791098908178
6.19000053, -2.7742449333204924
6.20000029, -2.7284440764870985
6.21000051, -2.708438184257942
6.22000027, -2.3714743819172845
6.2300005, -2.2937319075472247
6.24000025, -2.268620989134793
6.25000048, -2.2140709633862796
6.26000023, -2.273350419975732
6.27000046, -3.7260662431738782
6.28000021, -2.757084957906982
6.29000044, -2.5014472247827513
6.30000067, -2.560014836759061
6.31000042, -2.6682091819169633
6.32000065, -2.101888519284921
6.3300004, -2.344852888430925
6.34000063, -2.0615414320428145
6.35000038, -2.6799952212679936
6.36000061, -2.3903969396558753
6.37000036, -2.610808961812166
6.38000059, -2.046297067378922
6.39000034, -2.6662653355838533
6.40000057, -1.93494576914155
6.41000032, -2.390620823312632
6.42000055, -1.9907754567228617
6.43000031, -2.5428455054035384
6.44000053, -2.160112316426211
6.45000029, -2.5330185862338603
6.46000051, -2.0410814955634264
6.47000027, -2.670965658552968
6.4800005, -2.250684841364315
6.49000025, -2.3125343599753796
6.50000048, -2.2583193376484396
6.51000023, -2.382437280024459
6.52000046, -2.1435771783116033
6.53000069, -2.84510623937019
6.54000044, -2.768103236767637
6.55000067, -2.9921586968719724
6.56000042, -2.4543981388644864
6.57000065, -2.6215607303119306
6.5800004, -2.024274327624356
6.59000063, -2.519358842191568
6.60000038, -2.3905956321800157
6.61000061, -3.253061988938699
6.62000036, -2.520496934598747
6.63000059, -2.922133282966556
6.64000034, -2.208086202559599
6.65000057, -2.15281091449291
6.66000032, -2.1758012575424983
6.67000055, -3.2496627267605067
6.68000031, -3.4129929947779023
6.69000053, -3.3600611577331323
6.70000029, -2.9161115901817225
6.71000051, -3.1325236924658735
6.72000027, -2.458511358641237
6.7300005, -2.0609653376942334
6.74000025, -2.365092786352338
6.75000048, -3.1763249484459144
6.76000071, -2.692839605475223
6.77000046, -2.9264435409315954
6.78000069, -2.9353348960026375
6.79000044, -2.4065519602311265
6.80000067, -2.4370199919432243
6.81000042, -2.0862715638291505
6.82000065, -2.2229774477618345
6.8300004, -2.212158412448797
6.84000063, -2.6013112657614545
6.85000038, -2.5083623739423553
6.86000061, -2.470381045518591
6.87000036, -2.3350637093294657
6.88000059, -2.5939988904518025
6.89000034, -2.4525637372041924
6.90000057, -2.753242599251329
6.91000032, -2.522930105224258
6.92000055, -2.1811602310667086
6.93000031, -2.4043540712837674
6.94000053, -2.668327967193028
6.95000029, -2.514101324842296
6.96000051, -2.974499376248446
6.97000027, -3.548112694302165
6.9800005, -2.964664162348785
6.99000072, -2.723231202399401
7.00000048, -2.1695848614606024
7.01000071, -2.5328617248454264
7.02000046, -2.386921267168168
7.03000069, -2.242961967331039
7.04000044, -2.1869394325197002
7.05000067, -2.1981009657323685
7.06000042, -2.1221839576962607
7.07000065, -2.0560219829031046
7.0800004, -2.4661250897212326
7.09000063, -2.7220802315060717
7.10000038, -3.182296021908165
7.11000061, -2.2334146932501677
7.12000036, -2.4039720636929056
7.13000059, -2.5191734007422006
7.14000034, -2.6024771880275592
7.15000057, -2.1041231825023976
7.16000032, -2.7572319461694357
7.17000055, -2.7455872329626527
7.18000031, -2.430597629643955
7.19000053, -2.2032859868181274
7.20000029, -2.4059046040306735
7.21000051, -2.4962333802502674
7.22000074, -2.63274028899637
7.2300005, -2.279542338231891
7.24000072, -2.06077252970238
7.25000048, -2.0256056346890667
7.26000071, -2.210150902339208
7.27000046, -1.9893961047087412
7.28000069, -2.0581477561247152
7.29000044, -2.9965616593993647
7.30000067, -2.8837137228844116
7.31000042, -2.190243693107228
7.32000065, -2.512530013462886
7.3300004, -2.613462542526223
7.34000063, -2.2685471166646307
7.35000038, -2.5065597839764093
7.36000061, -3.038884250793701
7.37000036, -2.7908659193180583
7.38000059, -3.0366853670840124
7.39000034, -3.299354111767596
7.40000057, -2.900868916832961
7.41000032, -3.182340725807964
7.42000055, -3.1642334966352204
7.43000031, -3.342210204196884
7.44000053, -3.436686307929826
7.45000076, -3.4541068151940597
7.46000051, -2.6271595670506427
7.47000074, -2.2172927199120616
7.4800005, -2.395134456142304
7.49000072, -1.9643410677748145
7.50000048, -1.9910817253899258
7.51000071, -1.9138746660686385
7.52000046, -2.50513018034273
7.53000069, -2.065600560005974
7.54000044, -2.0674022367086553
7.55000067, -2.6863664407174377
7.56000042, -2.8755538861113754
7.57000065, -2.787102766278655
7.5800004, -2.394306405134926
7.59000063, -2.351525446561341
7.60000038, -2.0008971261502184
7.61000061, -2.1696080112964427
7.62000036, -2.1545470863451395
7.63000059, -3.0187939237568826
7.64000034, -3.7030857432831996
7.65000057, -3.248685570618434
7.66000032, -3.5292030393760925
7.67000055, -2.5314652288407378
7.68000031, -2.097834822181528
7.69000053, -2.0171195068842587
7.70000076, -2.1200598422804395
7.71000051, -1.989860063817372
7.72000074, -2.3392144121988463
7.7300005, -2.881756594021469
7.74000072, -2.783666284499619
7.75000048, -2.771329655357249
7.76000071, -3.17042296367426
7.77000046, -3.5721760117109134
7.78000069, -2.541111206549349
7.79000044, -2.7451616550131988
7.80000067, -2.913506319685498
7.81000042, -2.3914902259353528
7.82000065, -2.3958307593535766
7.8300004, -3.1076654320057178
7.84000063, -2.993072454810161
7.85000038, -2.3238017063855536
7.86000061, -3.178838787306065
7.87000036, -2.3040709437237124
7.88000059, -2.217668306411435
7.89000034, -2.2540799530592097
7.90000057, -2.799456007870422
7.91000032, -2.4490680904435354
7.92000055, -2.8038601753829893
7.93000078, -2.8836849141516674
7.94000053, -2.550454931121847
7.95000076, -3.028366058151579
7.96000051, -3.235094240232988
7.97000074, -3.76645953580814
7.9800005, -3.032266102080869
7.99000072, -5.346039579580342
8.00000095, -3.0609266052082775
8.01000023, -2.790688787781116
8.02000046, -2.936872063981292
8.03000069, -2.4369812406228513
8.04000092, -2.709057998699656
8.05000019, -2.5699299463764853
8.06000042, -2.664386685711356
8.07000065, -2.3747664829074204
8.08000088, -3.194534326594174
8.09000015, -3.0479580691119614
8.10000038, -3.0608020965540708
8.11000061, -2.7645110808050815
8.12000084, -2.602155163176868
8.13000011, -3.027188345165361
8.14000034, -2.2398868731100436
8.15000057, -2.5063736990694805
8.1600008, -1.9462659300578689
8.17000103, -2.3157232002015693
8.18000031, -2.183256857640516
8.19000053, -1.9086282278181192
8.20000076, -1.799934923770461
8.21000099, -2.4565303818121484
8.22000027, -2.050737073940242
8.2300005, -2.050627194915353
8.24000072, -2.5880190931084037
8.25000095, -2.7240440125575516
8.26000023, -2.373967026446822
8.27000046, -2.6408162652359346
8.28000069, -2.716491647125464
8.29000092, -3.4333012498498303
8.30000019, -2.6024444412831915
8.31000042, -2.8444132120737686
8.32000065, -2.6000473964206656
8.33000088, -2.8505196701018067
8.34000015, -2.2692633699131455
8.35000038, -2.8946958606879476
8.36000061, -2.244640924762173
8.37000084, -2.5093649881821145
8.38000107, -2.185680823232668
8.39000034, -2.4464507825701993
8.40000057, -2.1480446415776036
8.4100008, -2.7154967690669602
8.42000103, -2.5289964645716565
8.43000031, -2.8356657119136424
8.44000053, -2.42467508568863
8.45000076, -2.5694599041399013
8.46000099, -2.629755919681576
8.47000027, -2.118501210841397
8.4800005, -2.0726173667781134
8.49000072, -2.3547114397470694
8.50000095, -2.4902768947354583
8.51000023, -2.686546849974681
8.52000046, -3.5450006820447286
8.53000069, -3.148190880344604
8.54000092, -3.2604388204244246
8.55000019, -3.0948278699759046
8.56000042, -2.761804910709343
8.57000065, -3.3623089716000463
8.58000088, -3.9217321732234622
8.59000015, -3.286494435548539
8.60000038, -3.742626193632864
8.61000061, -3.176199279890216
8.62000084, -3.5647274690313155
8.63000107, -4.262086489030809
8.64000034, -4.106548812448238
8.65000057, -3.1198706653715065
8.6600008,  -3.5 
8.67000103, -3.911827438552594
8.68000031, -2.4966638011803512
8.69000053, -2.160869673290071
8.70000076, -2.2217239499301416
8.71000099, -2.4368679054637608
8.72000027, -2.397133256926226
8.7300005, -2.7659160485260643
8.74000072, -2.9657902515466383
8.75000095, -3.320773685220211
8.76000023, -2.2762383896541647
8.77000046, -2.302288797493893
8.78000069, -2.098369502485101
8.79000092, -2.3077957820856545
8.80000019, -2.3930706737557643
8.81000042, -1.9538696284955301
8.82000065, -2.1811137271532477
8.83000088, -2.7630661061306534
8.84000015, -2.6563171258324494
8.85000038, -2.6340982558129036
8.86000061, -4.0
8.87000084, -6.466113342050043
8.88000107, -2.7945428631567872
8.89000034, -3.0
8.90000057, -3.2461696628888714
8.9100008, -2.4083056210040983
8.92000103, -2.0481157732875084
8.93000031, -2.905661420537776
8.94000053, -2.1639645781473322
8.95000076, -2.297785136041064
8.96000099, -2.1921160844535255
8.97000027, -2.367755082585861
8.9800005, -1.8698338997505772
8.99000072, -1.6386237299930804
9.00000095, -1.7824442690177584
9.01000023, -1.9421040910718919
9.02000046, -2.1600900054305443
9.03000069, -2.5809163914790925
9.04000092, -3.1861390104340006
9.05000019, -2.467471484390082
9.06000042, -2.9456349116066454
9.07000065, -2.8310362885621827
9.08000088, -2.953831078412269
9.09000111, -2.885246306372761
9.10000038, -5.862801317081946
9.11000061, -2.652486063867778
9.12000084, -3.4049664863615976
9.13000107, -3.3825974172162834
9.14000034, -3.2467614488719634
9.15000057, -3.2163593484694735
9.1600008, -4.345229207976243
9.17000103, -3.949321588660387
9.18000031, -2.736682672590823
9.19000053, -3.568435841632606
9.20000076, -2.542141173535999
9.21000099, -3.6099925279447493
9.22000027, -2.888310793263542
9.2300005, -2.5239809890976552
9.24000072, -2.327394639190885
9.25000095, -2.501570717075651
9.26000023, -1.918501075203606
9.27000046, -1.9871683385697743
9.28000069, -2.4524900599626185
9.29000092, -2.9196847469526457
9.30000019, -3.062420937339096
9.31000042, -2.905813705309649
9.32000065, -2.6448650119616692
9.33000088, -2.661715531192775
9.34000111, -2.089411754197843
9.35000038, -2.2039095860788263
9.36000061, -2.7323457206392474
9.37000084, -2.918208471102487
9.38000107, -2.74363322267037
9.39000034, -2.6914218638389555
9.40000057, -2.785828557672231
9.4100008, -2.9685501446653895
9.42000103, -2.759372731601342
9.43000031, -2.506196266026051
9.44000053, -2.822758642122499
9.45000076, -3.091817416124406
9.46000099, -2.8509502842043215
9.47000027, -3.3870735914226118
9.4800005, -3.8975508668397323
9.49000072, -4.230142091796481
9.50000095, -3.692430998186999
9.51000023, -3.1706825535657823
9.52000046, -2.8095751927953243
9.53000069, -3.2002752481768297
9.54000092, -3.4279945004565677
9.55000114, -2.65851251094282
9.56000042, -2.4482609299091878
9.57000065, -2.4146773681647775
9.58000088, -2.1523584392796367
9.59000111, -2.346791793340534
9.60000038, -2.8820195802018014
9.61000061, -4.486705999256671
9.62000084, -4.06394755292766
9.63000107, -4.1 
9.64000034, -4.2751401443877945
9.65000057, -4.082019844931998
9.6600008, -2.67752202400196
9.67000103, -2.6285960425897583
9.68000031, -2.6967747001600513
9.69000053, -2.2968724989742295
9.70000076, -2.2080075647860955
9.71000099, -2.964061038827137
9.72000027, -2.7291319627360116
9.7300005, -2.14212470116181
9.74000072, -2.411976249448467
9.75000095, -2.110211203783583
9.76000023, -1.8935412860740966
9.77000046, -1.984372096595243
9.78000069, -2.1520622767129978
9.79000092, -2.7784493704984103
9.80000114, -3.4832960033292935
9.81000042, -3.363122019942712
9.82000065, -2.5731777997694234
9.83000088, -2.5023601748378326
9.84000111, -2.602855510972677
9.85000038, -2.325030912166144
9.86000061, -2.75088681047187
9.87000084, -3.780406518691179
9.88000107, -4.857365600509153
9.89000034, -3.0970448261692898
9.90000057, -3.541941287065237
9.9100008, -2.777790789559836
9.92000103, -2.488351531224399
9.93000031, -2.2403558131654955
9.94000053, -2.3937534494628703
9.95000076, -2.8111350350888777
9.96000099, -3.1605766729091216
9.97000027, -2.628564763410135
9.9800005, -2.5081548733572037
9.99000072, -2.4665458084482075
10.000001, -2.1786185759642898
10.0100012, -2.17096883964506
10.0200005, -2.6189913280897685
10.0300007, -2.503871351365843
10.0400009, -2.477563997678702
10.0500011, -2.575021170296644
10.0600004, -2.563557447241179
10.0700006, -2.8654621259784476
10.0800009, -2.472027141121998
10.0900011, -2.1607632830643664
10.1000004, -2.175653459518124
10.1100006, -2.235674720857752
10.1200008, -2.129595744110613
10.1300011, -2.7292242279570385
10.1400003, -3.7370378963416977
10.1500006, -4.0 
10.1600008, -4.5
10.170001,  -5.0
10.180000300000001, -6.0
10.1900005, -6.5641437024908305
10.2000008, -2.6359591150823385
10.210001, -2.680914307462695
10.2200003, -3.3352227664514804
10.230000500000001, -4.434902406624092
10.2400007, -3.496835006850869
10.250001,  -3.6
10.2600012, -3.7184110721489745
10.2700005, -3.12441100409734
10.2800007, -2.7217184415659172
10.2900009, -3.341002306016881
10.3000011, -3.1669640119276936
10.3100004, -4.3744109049021205
10.3200006, -3.386047407070296
10.3300009, -3.5
10.3400011, -3.812510055103851
10.3500004, -3.4123872319702597
10.3600006, -3.425136540420167
10.3700008, -3.4
10.3800011, -3.3207696669441127
10.3900003, -4.060615736142626
10.4000006, -3.6171972236369205
10.4100008, -3.801360812321559
10.420001, -2.806661387353399
10.430000300000001, -2.8834541225869983
10.4400005, -2.71012380181339
10.4500008, -2.7502673708086447
10.460001, -2.0174410502447886
10.4700003, -2.066846668574435
10.480000500000001, -2.1812180744608174
10.4900007, -2.411903338530802
10.500001, -2.2902624293874867
10.5100012, -3.814103450955406
10.5200005, -3.242743041236334
10.5300007, -3.4519693250294017
10.5400009, -3.511244099098399
10.5500011, -3.055060221815061
10.5600004, -3.203897352372572
10.5700006, -2.988187523296059
10.5800009, -2.6104159931264443
10.5900011, -2.610248905069662
10.6000004, -4.181008933098044
10.6100006, -3.4153306680924715
10.6200008, -4.7896954267108605
10.6300011, -2.628185273938384
10.6400003, -2.634490340567792
10.6500006, -2.440537366826516
10.6600008, -2.268344695144547
10.670001, -2.2550894799754424
10.680000300000001, -3.3780162281947534
10.6900005, -3.7984398453597343
10.7000008, -4.452452618289925
10.710001, -4.484413471212424
10.720001199999999, -3.2437900153426384
10.730000500000001, -2.786081294504115
10.7400007, -3.0779017522024836
10.750001, -2.5864278812052013
10.7600012, -1.9892794443598354
10.7700005, -2.37057206349764
10.7800007, -2.7087942808609062
10.7900009, -2.282592548635214
10.8000011, -2.3634667125940823
10.8100004, -3.0
10.8200006, -3.646315655303895
10.8300009, -3.0071083900886646
10.8400011, -2.7448271572075646
10.8500004, -3.345032327540644
10.8600006, -2.7015487136485703
10.8700008, -2.714125599014515
10.8800011, -3.11444316443493
10.8900003, -3.10067953328048
10.9000006, -2.5504161348304946
10.9100008, -2.4124402877162296
10.920001, -2.5992651811084166
10.930000300000001, -2.6588075952428145
10.9400005, -2.492567695796407
10.9500008, -2.360305147635254
10.960001, -2.4615116814587594
10.970001199999999, -2.654250063207103
10.980000500000001, -2.432899005776908
10.9900007, -2.7754820231610813
11.000001, -5.340254766234748
11.0100012, -5.0 
11.0200005, -4.454393351754046
11.0300007, -4.1 
11.0400009, -4.0
11.0500011, -3.5
11.0600004, -3.4535140291811595
11.0700006, -4.781826596866883
11.0800009, -3.575751097442803
11.0900011, -2.586011935525233
11.1000004, -2.089065815098707
11.1100006, -2.2694234230566983
11.1200008, -2.273439311179328
11.1300011, -2.6857261599491764
11.1400003, -2.8238148609875853
11.1500006, -4.853782556688239
11.1600008, -3.682681104434512
11.170001, -3.7612997926611462
11.1800013, -3.101461637672492
11.1900005, -3.089953619433179
11.2000008, -2.2734765225770768
11.210001, -2.586007214866709
11.220001199999999, -2.882462719995235
11.230000500000001, -3.5335955313918923
11.2400007, -2.7016156970957566
11.250001, -3.6144425721369813
11.2600012, -2.9019423064330976
11.2700005, -2.339559203624088
11.2800007, -2.151424018352025
11.2900009, -2.532244594025025
11.3000011, -3.30101593684884
11.3100004, -4.139692641528429
11.3200006, -4.8832680566499755
11.3300009, -4.0 
11.3400011, -3.546313348300054
11.3500004, -2.2557595809188515
11.3600006, -2.245613189012646
11.3700008, -2.3987143686257855
11.3800011, -2.427282693449779
11.3900003, -2.6484882534652017
11.4000006, -3.638261513726569
11.4100008, -4.70108199493494
11.420001, -3.523545909284768
11.4300013, -2.771615447545292
11.4400005, -3.127720357577825
11.4500008, -3.3795227758468993
11.460001, -3.926327658879172
11.470001199999999, -3.5 
11.480000500000001, -3.0
11.4900007, -2.5833502931896963
11.500001, -2.416032537224611
11.5100012, -2.0948481822485636
11.5200005, -1.8909277995647324
11.5300007, -2.0172264559290234
11.5400009, -3.3240462574818426
11.5500011, -2.546729021210197
11.5600004, -3.006733021714302
11.5700006, -4.042197305684042
11.5800009, -3.2090511761701297
11.5900011, -3.333932056885106
11.6000004, -4.425415350406551
11.6100006, -2.988182789557294
11.6200008, -2.7913230997547864
11.6300011, -2.6393054623576413
11.6400013, -2.563233622776434
11.6500006, -2.417315082741664
11.6600008, -2.6677536702137914
11.670001, -2.962728444470683
11.6800013, -3.0993203555674302
11.6900005, -3.2381826101743405
11.7000008, -4.335757688314242
11.710001, -3.6800151973406168
11.720001199999999, -2.6741745288593983
11.730000500000001, -2.8371785253151818
11.7400007, -2.4537416942645955
11.750001, -2.459953103048783
11.7600012, -2.3256779746814935
11.7700005, -2.5399733802812396
11.7800007, -3.2133576724147566
11.7900009, -3.0421911504864636
11.8000011, -2.5569946916336947
11.8100004, -3.20909169049817
11.8200006, -3.01459652965017
11.8300009, -2.5743506642022282
11.8400011, -3.2476844077546727
11.8500004, -3.9517296898463363
11.8600006, -4.9112494999933896
11.8700008, -4.5 
11.8800011, -4.0
11.8900013, -3.6342748662109745
11.9000006, -3.130254547156104
11.9100008, -2.378587870549012
11.920001, -2.257978886141648
11.9300013, -1.8647819826991086
11.9400005, -1.9742093139785577
11.9500008, -2.1108204243897988
11.960001, -1.9037850790939526
11.970001199999999, -1.9909457288877388
11.980000500000001, -2.6517813333677758
11.9900007, -2.6200780527712126
12.000001, -3.2026713591787734
12.0100012, -6.116818375227917
12.0200005, -3.5033159102438285
12.0300007, -3.104506334065771
12.0400009, -2.5670081307015438
12.0500011, -2.2112172562037884
12.0600004, -2.6818814395316437
12.0700006, -2.6248008037427244
12.0800009, -2.4063201537530805
12.0900011, -2.849203949294892
12.1000004, -3.1986495338987777
12.1100006, -2.8221528874227317
12.1200008, -3.298085792865686
12.1300011, -3.4041371593773695
12.1400013, -2.9956251928873305
12.1500006, -2.795576517050151
12.1600008, -2.760314651540758
12.170001, -2.3181973072554207
12.1800013, -2.4562994277669885
12.1900005, -3.0611726536174295
12.2000008, -2.3838525947550644
12.210001, -2.2012113152855535
12.220001199999999, -2.0751553257615014
12.230000500000001, -2.261011684983631
12.2400007, -2.2559733545385465
12.250001, -3.362053748594852
12.2600012, -3.0659760207741744
12.2700005, -3.836669173679886
12.2800007, -3.1210302677600184
12.2900009, -2.9455444305927827
12.3000011, -2.551672132348469
12.3100004, -3.175114028443187
12.3200006, -2.677656387773653
12.3300009, -3.26875998465768
12.3400011, -2.3530629443666937
12.3500013, -2.228774223999668
12.3600006, -2.0678241993201807
12.3700008, -2.5124207768392846
12.3800011, -2.5069844315920893
12.3900013, -2.6053277412457523
12.4000006, -1.973929948666768
12.4100008, -2.078105379861752
12.420001, -2.338634015724958
12.4300013, -1.956717135157034
12.4400005, -2.1129661144347938
12.4500008, -2.710885029333552
12.460001, -2.1874625577768665
12.470001199999999, -1.8984697687677512
12.480000500000001, -2.4256888350372225
12.4900007, -2.967700464145628
12.500001, -3.0342681274529175
12.5100012, -3.5554918830312356
12.5200005, -4.391898565432417
12.5300007, -3.1713275639223926
12.5400009, -3.0413571915007522
12.5500011, -3.3682549508198445
12.5600004, -3.330566926914883
12.5700006, -2.8246658847990966
12.5800009, -2.8057395276470127
12.5900011, -2.0266571538528533
12.6000013, -1.9200525393376977
12.6100006, -2.2061594061445717
12.6200008, -2.43893190668534
12.6300011, -2.432574577473107
12.6400013, -3.183692543009707
12.6500006, -3.5158350816271313
12.6600008, -3.0104999618713646
12.670001, -2.5220028003930377
12.6800013, -2.5150023173407394
12.6900005, -2.3882008520933518
12.7000008, -2.4827448526361855
12.710001, -3.0075188240390363
12.720001199999999, -3.5306506447154606
12.730000500000001, -2.775882967913743
12.7400007, -3.4 
12.750001, -4.045599276773989
12.7600012, -3.3581238285074995
12.7700005, -4.199902915315128
12.7800007, -3.5
12.7900009, -2.8569220501457764
12.8000011, -2.86
12.8100014, -2.875008389332677
12.8200006, -3.8570671899168025
12.8300009, -3.671101008208972
12.8400011, -3.0
12.8500013, -2.7885252050523186
12.8600006, -2.6
12.8700008, -2.587383293405076
12.8800011, -2.4214078234457994
12.8900013, -2.205184060727762
12.9000006, -3.0034535665629134
12.9100008, -2.4695090676491587
12.920001, -3.2362885363157017
12.9300013, -3.247416185136875
12.9400005, -2.866440428233487
12.9500008, -2.0509567753637783
12.960001, -1.9890479089791493
12.970001199999999, -1.8652949077965675
12.980000500000001, -2.177287789804632
12.9900007, -2.3165541000525187
13.000001, -2.8507963559985274
13.0100012, -5.0916006820583615
13.0200005, -3.546962506041143
13.0300007, -3.8548698912689074
13.0400009, -3.6867360129261617
13.0500011, -3.7091945432562605
13.0600014, -3.3880463430977024
13.0700006, -4.531992392316267
13.0800009, -2.5992038062670515
13.0900011, -2.5557467985557802
13.1000013, -2.3427899100908074
13.1100006, -2.6153456412518343
13.1200008, -4.448006620889901
13.1300011, -3.03176993958105
13.1400013, -2.881747457119531
13.1500006, -5.25310800580979
13.1600008, -3.317166884784427
13.170001000000001, -2.661604218380413
13.1800013, -2.7794687501677156
13.1900005, -4.635231546851068
13.2000008, -2.5233593946979953
13.210001, -2.3888962854973275
13.220001199999999, -1.9989930099517141
13.230000500000001, -2.406038417830367
13.240000699999998, -2.2799771603274928
13.250001000000001, -2.5504032735353284
13.2600012, -3.0172505086560086
13.2700014, -3.283082920399973
13.280000699999999, -3.5778416730682348
13.290000899999999, -2.7852531712247957
13.3000011, -2.62667120048131
13.310001399999999, -2.828684966790718
13.3200006, -3.06097607971992
13.3300009, -2.6518570490775897
13.3400011, -2.3202630408130758
13.3500013, -2.68401817328407
13.3600006, -2.0566566451450914
13.3700008, -2.0205934275921753
13.3800011, -2.07990961584946
13.3900013, -2.5887900788222526
13.4000006, -2.919478450697026
13.4100008, -3.4133459046260786
13.420001000000001, -3.0719964620938986
13.4300013, -3.4034679370030956
13.4400005, -2.670306475080692
13.4500008, -2.410465586686657
13.460001, -1.9910703761551591
13.470001199999999, -1.8872313457045824
13.480000500000001, -2.113627070169668
13.490000699999998, -2.4280190435998006
13.500001000000001, -3.0524791836967307
13.5100012, -3.0165509554428596
13.5200014, -4.8908503968358765
13.530000699999999, -3.4510431980463685
13.540000899999999, -2.5035351074176617
13.5500011, -1.9974169972964966
13.560001399999999, -2.1862085259511037
13.5700006, -2.2105043844738543
13.5800009, -2.29383838664783
13.5900011, -3.4921932383086474
13.6000013, -5.117969243125457
13.6100006, -4.977663689753438
13.6200008, -3.3150051804253837
13.6300011, -3.0654724153207007
13.6400013, -3.707742115204798
13.6500006, -2.91781988879245
13.6600008, -3.675466441496639
13.670001000000001, -3.3857326179758505
13.6800013, -4.053865427449082
13.6900005, -3.674243251591095
13.7000008, -3.448932394084633
13.710001, -2.4299709596491663
13.720001199999999, -3.0366918116996033
13.730000500000001, -2.6360248013406227
13.740000699999998, -2.9065722772343023
13.750001000000001, -3.8475390920315506
13.7600012, -4.2 
13.7700014, -4.690405159172195
13.780000699999999, -4.0
13.790000899999999, -3.4573418260840643
13.8000011, -3.0141976136214566
13.810001399999999, -3.1142656113416343
13.8200006, -3.3642617281741205
13.8300009, -2.9381361146561695
13.8400011, -2.3634355662604993
13.8500013, -2.49961255262471
13.8600006, -2.3826058537084274
13.8700008, -2.0179255252279242
13.8800011, -2.1426734032427244
13.8900013, -2.484729581708565
13.9000006, -2.2830654404177104
13.9100008, -2.4229904630181927
13.920001000000001, -2.95008961985036
13.9300013, -3.1307426207786273
13.9400005, -3.3919083169219912
13.9500008, -3.742791526931467
13.960001, -2.8366771911940307
13.970001199999999, -3.1365327355640362
13.980001399999999, -3.155353560100501
13.990000699999998, -2.955652977934298
14.000001000000001, -3.497609274609595
14.0100012, -4.808632754659434
14.0200014, -2.9443928905485373
14.030000699999999, -3.1124596671965215
14.040000899999999, -2.492967464234174
14.0500011, -1.9012404387081259
14.060001399999999, -1.8941961957261428
14.0700006, -2.0116387784321756
14.0800009, -1.7560339721166212
14.0900011, -1.9515891819598281
14.1000013, -2.2080377298785883
14.1100006, -2.47358861838655
14.1200008, -2.2375931613500555
14.1300011, -2.6222189656056956
14.1400013, -2.4600291293380434
14.1500006, -2.8097649994707057
14.1600008, -3.0446432827008834
14.170001000000001, -4.490276505924466
14.1800013, -2.5424668652015088
14.1900005, -2.7278626284052097
14.2000008, -2.694341542135069
14.210001, -2.891060798846366
14.220001199999999, -2.660660652365368
14.230001399999999, -3.856779323974403
14.240000699999998, -2.814395256460231
14.250001000000001, -2.4042999849097653
14.2600012, -2.286219574832084
14.2700014, -2.5014522951935527
14.280000699999999, -2.137793012487266
14.290000899999999, -3.1741028440646497
14.3000011, -4.616847155376114
14.310001399999999, -2.9108090375807736
14.3200006, -2.393199472864643
14.3300009, -2.949128041327233
14.3400011, -3.8868393957380447
14.3500013, -4.563351706491946
14.3600006, -6.075059791039273
14.3700008, -5.5
14.3800011, -5.0
14.3900013, -4.448186379257611
14.4000006, -3.2074735945709234
14.4100008, -4.50304999250837
14.420001000000001, -3.941874109185616
14.4300013, -3.0607126804687033
14.440001500000001, -2.832891195491637
14.4500008, -3.256879888280025
14.460001, -3.234978938850407
14.470001199999999, -2.3427676553279757
14.480001399999999, -2.727091239133131
14.490000699999998, -3.4797785363497935
14.500001000000001, -2.6981926149952473
14.5100012, -2.3182169423113694
14.5200014, -3.076547358617496
14.530000699999999, -2.819235197664662
14.540000899999999, -2.9180217107867987
14.5500011, -4.371794969933457
14.560001399999999, -6.9738425828647586
14.5700006, -3.6296380303573788
14.5800009, -3.231372099592821
14.5900011, -2.728782895572807
14.6000013, -2.3437302451407693
14.6100006, -2.1781240010083955
14.6200008, -2.4760833354031386
14.6300011, -3.8739847372412974
14.6400013, -3.9
14.6500006, -4.475065855538553
14.6600008, -3.6926378263551336
14.670001000000001, -2.54047817024249
14.6800013, -2.338145667259396
14.690001500000001, -1.8700388359015492
14.7000008, -2.1429241446765706
14.710001, -3.1352213510201654
14.720001199999999, -3.0553567873202443
14.730001399999999, -3.213016594234311
14.740000699999998, -4.784707297350763
14.750001000000001, -3.219899593240251
14.7600012, -3.66414981586756
14.7700014, -4.139107399171553
14.780000699999999, -2.524224391264377
14.790000899999999, -3.6249574229672756
14.8000011, -6.380739013882659
14.810001399999999, -3.349632464397439
14.8200006, -5.720776931875351
14.8300009, -3.5
14.8400011, -2.5412538416704153
14.8500013, -2.3282283890207447
14.8600006, -2.22046500414096
14.8700008, -2.1977072047621014
14.8800011, -2.3110122463153147
14.8900013, -3.043119560855496
14.900001500000002, -3.2
14.9100008, -3.5315232463995683
14.920001000000001, -3.9686600459126886
14.9300013, -2.2449000567995494
14.940001500000001, -2.120467626691805
14.9500008, -1.915359730957419
14.960001, -1.9056831624611708
14.970001199999999, -1.6916098595048235
14.980001399999999, -2.3234537191291493
14.990000699999998, -2.6792169085811492
15.000001000000001, -2.4434652853377066
15.0100012, -2.780088423466547
15.0200014, -2.961988738949016
15.030000699999999, -2.561655080973626
15.040000899999999, -2.7908248153867525
15.0500011, -2.707059160645071
15.060001399999999, -3.603087728863866
15.0700006, -3.023256822292926
15.0800009, -3.500409072084686
15.0900011, -2.4511742521308535
15.1000013, -2.439523719515885
15.1100006, -2.148589741612483
15.1200008, -2.522645083596949
15.1300011, -2.2934505904819025
15.1400013, -2.924197310396408
15.150001500000002, -5.269054740978007
15.1600008, -3.919760396182421
15.170001000000001, -2.423417133891362
15.1800013, -2.278270376616967
15.190001500000001, -2.3053452848210974
15.2000008, -2.0518151566553096
15.210001, -1.941371878959027
15.220001199999999, -2.255215574416247
15.230001399999999, -2.2515788687671914
15.240000699999998, -2.040212056872718
15.250001000000001, -1.8249356401938792
15.2600012, -1.9108866547993164
15.2700014, -2.1960088874866606
15.280000699999999, -2.0605155063212663
15.290000899999999, -1.9356697067241935
15.3000011, -2.443114299591131
15.310001399999999, -2.2446438224996808
15.3200006, -2.1857101386743003
15.3300009, -2.559064168190656
15.3400011, -3.0222417040589833
15.3500013, -2.0535377775613775
15.3600006, -2.6525210881407015
15.3700008, -2.1642827506038276
15.3800011, -2.17086440298501
15.3900013, -1.9607898073838426
15.400001500000002, -1.963975711537445
15.4100008, -1.8485664686518712
15.420001000000001, -2.95843601559268
15.4300013, -4.215879731837284
15.440001500000001, -3.6243203181888517
15.4500008, -4.042276849373947
15.460001, -3.6332917296053413
15.470001199999999, -2.0328542790697077
15.480001399999999, -1.8160071062957204
15.490000699999998, -2.091988018828763
15.500001000000001, -2.512348962288539
15.5100012, -2.2843647733572094
15.5200014, -2.5526946110423525
15.530000699999999, -2.6292820842668805
15.540000899999999, -4.115322850633059
15.5500011, -3.0846407470756705
15.560001399999999, -3.927949953580837
15.5700006, -3.5
15.5800009, -3
15.5900011, -2.3654725989275986
15.6000013, -2.613270549366654
15.6100016, -2.5571077404825098
15.6200008, -2.5844126149537634
15.6300011, -2.2116077673689234
15.6400013, -3.059451061218203
15.650001500000002, -2.7964145100553246
15.6600008, -2.368862545570218
15.670001000000001, -2.065024054295877
15.6800013, -2.0302042829577847
15.690001500000001, -2.000613496333065
15.7000008, -2.4003994506561357
15.710001, -2.9448385295560677
15.720001199999999, -2.458112008632854
15.730001399999999, -2.526370140272801
15.740000699999998, -2.0229911917913457
15.750001000000001, -1.8940171767774963
15.7600012, -2.1937949911359076
15.7700014, -2.7240047102134803
15.780000699999999, -3.447241456289226
15.790000899999999, -3.4
15.8000011, -3.3097312372494545
15.810001399999999, -2.8985781242375337
15.8200006, -2.458248527344823
15.8300009, -2.0923249995467232
15.8400011, -2.3861783631707136
15.8500013, -3.103417470817812
15.8600016, -3.2023278696483404
15.8700008, -3.2430423921946465
15.8800011, -3.3
15.8900013, -3.3779877026109935
15.900001500000002, -2.35651124272649
15.9100008, -1.945970030228155
15.920001000000001, -1.9807320619748792
15.9300013, -1.8926301118678828
15.940001500000001, -2.177345575544881
15.9500008, -2.590502545145455
15.960001, -2.41227606489073
15.970001199999999, -2.8015377558072365
15.980001399999999, -2.6682635820461913
15.990000699999998, -2.5233261583402244
