0.00000000 , 3.12009001
1.00000007E-02 , 2.17889786
2.00000014E-02 , 1.69406462
3.00000012E-02 , 0.857325733
4.00000028E-02 , 0.178016633
5.00000045E-02 , -0.145133674
6.00000024E-02 , 0.175556794
7.00000077E-02 , -3.26175382E-03
8.00000057E-02 , 0.484554857
9.00000036E-02 , 7.87421167E-02
0.100000009 , 0.329566121
0.110000007 , -0.491092175
0.120000005 , -5.76640889E-02
0.130000010 , -0.757655859
0.140000015 , -0.354641527
0.150000006 , -0.559201002
0.160000011 , -0.314944685
0.170000017 , -0.874530554
0.180000007 , -0.709018528
0.190000013 , -1.08757007
0.200000018 , -0.666623592
0.210000008 , -0.621197164
0.220000014 , -0.937208652
0.230000019 , -0.706492782
0.240000010 , -1.44230616
0.250000030 , -0.680444539
0.260000020 , -1.01641011
0.270000011 , -0.533951998
0.280000031 , -0.930631340
0.290000021 , -0.566757798
0.300000012 , -1.73087621
0.310000032 , -1.20391798
0.320000023 , -1.63240564
0.330000013 , -0.679136395
0.340000033 , -1.46708560
0.350000024 , -1.12148356
0.360000014 , -0.548565269
0.370000035 , -0.618260622
0.380000025 , -1.50209045
0.390000015 , -0.964682519
0.400000036 , -1.47010827
0.410000026 , -1.41040897
0.420000017 , -0.871859789
0.430000037 , -0.641516089
0.440000027 , -1.11261070
0.450000018 , -1.12934101
0.460000038 , -1.22937047
0.470000029 , -1.12831724
0.480000019 , -0.993730783
0.490000039 , -0.778474569
0.500000060 , -1.81992686
0.510000050 , -2.24685812
0.520000041 , -0.961714149
0.530000031 , -1.34296358
0.540000021 , -2.10845828
0.550000012 , -0.892411053
0.560000062 , -0.812384427
0.570000052 , -2.16681361
0.580000043 , -1.23287213
0.590000033 , -2.37057853
0.600000024 , -1.03028846
0.610000014 , -0.769242287
0.620000064 , -1.56147432
0.630000055 , -2.49772763
0.640000045 , -1.91326284
0.650000036 , -1.82093894
0.660000026 , -1.03116727
0.670000076 , -1.32499456
0.680000067 , NaN
0.690000057 , -1.43110371
0.700000048 , -1.15638638
0.710000038 , -1.35553443
0.720000029 , -1.33857739
0.730000079 , -0.849211872
0.740000069 , -2.81480503
0.750000060 , -1.31551385
0.760000050 , -1.43344235
0.770000041 , -1.23771095
0.780000031 , -1.27228153
0.790000081 , -1.29237974
0.800000072 , -1.43736744
0.810000062 , -1.55162203
0.820000052 , -2.69816518
0.830000043 , -1.14061952
0.840000033 , -1.49102378
0.850000083 , -1.20441318
0.860000074 , -1.38143945
0.870000064 , -1.74991202
0.880000055 , -1.08985841
0.890000045 , -2.35500193
0.900000036 , -1.22601306
0.910000086 , NaN
0.920000076 , -0.970931172
0.930000067 , -1.58673441
0.940000057 , -2.04222727
0.950000048 , -1.62153101
0.960000038 , -1.94586682
0.970000088 , -1.86763299
0.980000079 , -1.78634536
0.990000069 , -1.65660822
1.00000012 , -1.75976002
1.01000011 , -0.579932153
1.02000010 , -1.98395467
1.03000009 , -1.70102143
1.04000008 , -1.50633824
1.05000007 , -2.07034063
1.06000006 , -2.27304173
1.07000005 , -1.58643293
1.08000004 , -0.951168180
1.09000003 , -1.20625961
1.10000002 , -2.37472320
1.11000013 , -2.22901249
1.12000012 , -1.08581054
1.13000011 , NaN
1.14000010 , -1.36100411
1.15000010 , -2.17424893
1.16000009 , -2.28193235
1.17000008 , -2.52256250
1.18000007 , -3.09537792
1.19000006 , -1.13976157
1.20000005 , -1.57247448
1.21000004 , -1.46517456
1.22000003 , -1.40924382
1.23000014 , -1.72268331
1.24000013 , -2.51883841
1.25000012 , -1.94067168
1.26000011 , -1.34895515
1.27000010 , -1.72878087
1.28000009 , -1.87964618
1.29000008 , -0.829771221
1.30000007 , -3.05723286
1.31000006 , -2.39529896
1.32000005 , -3.47737479
1.33000004 , -2.09054565
1.34000015 , -1.14554858
1.35000014 , -1.66047835
1.36000013 , -3.08576798
1.37000012 , -3.02271008
1.38000011 , -1.59142733
1.39000010 , NaN
1.40000010 , -1.48716867
1.41000009 , -1.96319187
1.42000008 , -1.57488811
1.43000007 , -1.07357442
1.44000006 , -3.74286509
1.45000005 , -1.54510140
1.46000016 , -1.92940772
1.47000015 , -3.29496002
1.48000014 , -1.33151293
1.49000013 , -1.14211774
1.50000012 , -1.35892355
1.51000011 , -1.80214500
1.52000010 , -1.23813426
1.53000009 , -1.45434701
1.54000008 , -1.59006977
1.55000007 , -1.53277540
1.56000006 , -1.94461882
1.57000005 , -1.10574758
1.58000016 , -2.12585521
1.59000015 , -1.62453711
1.60000014 , -1.55096817
1.61000013 , -1.22813737
1.62000012 , -1.34665215
1.63000011 , -3.32710910
1.64000010 , -2.44417620
1.65000010 , -1.11044741
1.66000009 , -2.46047783
1.67000008 , -1.97038424
1.68000007 , -1.03860641
1.69000018 , -4.19930840
1.70000017 , -1.97955680
1.71000016 , -2.51181555
1.72000015 , -0.861897528
1.73000014 , -1.56523132
1.74000013 , -5.80600357
1.75000012 , -1.50817740
1.76000011 , -4.70630169
1.77000010 , -1.35001886
1.78000009 , -2.27745771
1.79000008 , -2.05376482
1.80000007 , -0.942907214
1.81000018 , -2.23263669
1.82000017 , -1.51116002
1.83000016 , -5.80106974
1.84000015 , -1.55202365
1.85000014 , NaN
1.86000013 , -2.16183209
1.87000012 , -1.29351568
1.88000011 , -1.15392280
1.89000010 , NaN
1.90000010 , -1.23808348
1.91000009 , -2.00116706
1.92000008 , -2.93390274
1.93000019 , -1.66038454
1.94000018 , -0.962691486
1.95000017 , -2.72639060
1.96000016 , -1.66675484
1.97000015 , -2.87556529
1.98000014 , -1.69843566
1.99000013 , -2.51508021
2.00000024 , -1.23254347
2.01000023 , -3.59388852
2.02000022 , -3.26482940
2.03000021 , -1.35324931
2.04000020 , NaN
2.05000019 , -1.45159698
2.06000018 , -1.57620275
2.07000017 , -2.92557192
2.08000016 , -2.52911878
2.09000015 , -1.44285095
2.10000014 , -2.50895381
2.11000013 , -3.30063295
2.12000012 , -1.51528299
2.13000011 , -1.06592214
2.14000010 , -3.83794880
2.15000010 , -1.26151264
2.16000009 , NaN
2.17000008 , -1.24958062
2.18000007 , NaN
2.19000006 , -1.59140313
2.20000005 , -1.53200042
2.21000004 , -1.83835268
2.22000027 , -1.81855869
2.23000026 , -1.89724517
2.24000025 , -4.27417231
2.25000024 , -1.92753530
2.26000023 , -2.17980742
2.27000022 , -1.89499199
2.28000021 , -1.65695393
2.29000020 , -2.61842704
2.30000019 , -1.38041317
2.31000018 , -2.85652637
2.32000017 , -2.03606224
2.33000016 , -2.85539508
2.34000015 , -2.40530443
2.35000014 , -1.94339192
2.36000013 , -1.88990319
2.37000012 , -2.75047469
2.38000011 , -1.12594151
2.39000010 , -3.97800469
2.40000010 , -1.74384499
2.41000009 , -1.77964449
2.42000008 , -1.69052207
2.43000007 , -1.60082531
2.44000006 , -2.67587781
2.45000029 , -0.934045374
2.46000028 , -3.02494168
2.47000027 , -1.67086661
2.48000026 , -2.69658780
2.49000025 , -2.52539110
2.50000024 , -2.17998004
2.51000023 , -1.52159941
2.52000022 , -2.58430147
2.53000021 , -2.11112452
2.54000020 , NaN
2.55000019 , -1.30629003
2.56000018 , -3.45747924
2.57000017 , -1.63235605
2.58000016 , -1.58452964
2.59000015 , -1.79752934
2.60000014 , -1.20916772
2.61000013 , -1.30867660
2.62000012 , NaN
2.63000011 , -2.32205534
2.64000010 , NaN
2.65000010 , -2.05358815
2.66000009 , -1.31166232
2.67000008 , NaN
2.68000031 , -2.61766458
2.69000030 , -2.15526986
2.70000029 , -1.32715774
2.71000028 , -2.47428107
2.72000027 , NaN
2.73000026 , -1.22306013
2.74000025 , -2.75395703
2.75000024 , -2.83133912
2.76000023 , -1.33573151
2.77000022 , -2.01027989
2.78000021 , -1.49175632
2.79000020 , NaN
2.80000019 , -1.41547382
2.81000018 , -1.76594400
2.82000017 , -1.33224547
2.83000016 , -2.29447341
2.84000015 , -1.62484181
2.85000014 , -1.66575825
2.86000013 , -2.41050768
2.87000012 , -3.49083686
2.88000011 , -2.93818426
2.89000010 , -2.07739878
2.90000010 , NaN
2.91000032 , -3.25488424
2.92000031 , -1.20124447
2.93000031 , -1.73128676
2.94000030 , -1.51852655
2.95000029 , -3.33955288
2.96000028 , -2.21050072
2.97000027 , -2.71584916
2.98000026 , -1.97448659
2.99000025 , -1.96233749
3.00000024 , -1.19121599
3.01000023 , -3.94216132
3.02000022 , -1.88318622
3.03000021 , -1.42867947
3.04000020 , -2.29816842
3.05000019 , -1.54191065
3.06000018 , -3.78506565
3.07000017 , -1.57934487
3.08000016 , -1.89034176
3.09000015 , -1.22385323
3.10000014 , -2.70818686
3.11000013 , -1.71163607
3.12000012 , -1.29067528
3.13000011 , -1.31403613
3.14000010 , -2.61272621
3.15000033 , -3.58558249
3.16000032 , -1.22524476
3.17000031 , -3.58439374
3.18000031 , -1.26951909
3.19000030 , -1.70688891
3.20000029 , -2.95008779
3.21000028 , -2.38987708
3.22000027 , -1.43102610
3.23000026 , -1.84968817
3.24000025 , -2.52161956
3.25000024 , -3.01164651
3.26000023 , -1.07952726
3.27000022 , -0.890187085
3.28000021 , NaN
3.29000020 , -1.36702693
3.30000019 , -1.80468309
3.31000018 , -3.57604098
3.32000017 , -1.22687149
3.33000016 , -1.67185664
3.34000015 , -1.75349462
3.35000014 , NaN
3.36000013 , -1.86295962
3.37000012 , -1.43584001
3.38000035 , -1.73222339
3.39000034 , -1.17334080
3.40000033 , -2.41486382
3.41000032 , -1.73980582
3.42000031 , -2.87628198
3.43000031 , -1.77706611
3.44000030 , -2.84608698
3.45000029 , -1.48084998
3.46000028 , NaN
3.47000027 , -1.42288816
3.48000026 , -2.52781749
3.49000025 , -1.40119910
3.50000024 , -2.99660778
3.51000023 , NaN
3.52000022 , -1.15484524
3.53000021 , -2.42569399
3.54000020 , -2.07788968
3.55000019 , -1.68524015
3.56000018 , -1.35720956
3.57000017 , -1.73011482
3.58000016 , -4.19571924
3.59000015 , -3.30129290
3.60000014 , NaN
3.61000037 , -1.10284925
3.62000036 , -5.29189157
3.63000035 , -1.36601532
3.64000034 , -1.67975390
3.65000033 , -2.92293596
3.66000032 , NaN
3.67000031 , -1.88763928
3.68000031 , -2.39785194
3.69000030 , -1.22716796
3.70000029 , -3.34108686
3.71000028 , -2.35964513
3.72000027 , -1.94173110
3.73000026 , -1.73937643
3.74000025 , -2.77223516
3.75000024 , -2.05180454
3.76000023 , -1.09871840
3.77000022 , -2.37397313
3.78000021 , -2.91495371
3.79000020 , -1.29247653
3.80000019 , -1.10134137
3.81000018 , -2.38985491
3.82000017 , -1.56603622
3.83000016 , -1.82372558
3.84000015 , -1.99495733
3.85000038 , -2.29882789
3.86000037 , -2.05825734
3.87000036 , NaN
3.88000035 , -1.34406769
3.89000034 , -1.63768661
3.90000033 , -2.65969253
3.91000032 , -1.82934761
3.92000031 , -1.54370725
3.93000031 , -1.61780882
3.94000030 , NaN
3.95000029 , -1.66062367
3.96000028 , -1.43505657
3.97000027 , -5.27029228
3.98000026 , -1.74330986
3.99000025 , -4.42174864
4.00000048 , -1.53075147
4.01000023 , -5.26779556
4.02000046 , -1.53746891
4.03000021 , NaN
4.04000044 , -1.09153080
4.05000019 , NaN
4.06000042 , -1.84148777
4.07000017 , -1.33221090
4.08000040 , -2.64844871
4.09000015 , -3.14251661
4.10000038 , -1.89485574
4.11000013 , -2.77661562
4.12000036 , NaN
4.13000011 , -2.01506996
4.14000034 , -1.45297027
4.15000010 , -2.18322706
4.16000032 , -1.84612370
4.17000008 , -2.10785651
4.18000031 , -1.51943803
4.19000053 , -1.91243649
4.20000029 , -1.94773555
4.21000051 , -2.38353109
4.22000027 , -2.06272888
4.23000050 , -1.98310637
4.24000025 , -2.27438235
4.25000048 , -1.66915405
4.26000023 , -1.75553060
4.27000046 , -3.13113880
4.28000021 , -1.47418118
4.29000044 , -3.21324801
4.30000019 , -2.23723197
4.31000042 , -1.00513387
4.32000017 , NaN
4.33000040 , -0.989607036
4.34000015 , NaN
4.35000038 , -1.70052481
4.36000013 , -2.45245600
4.37000036 , -2.49348950
4.38000011 , -1.73782647
4.39000034 , -2.06569028
4.40000010 , -1.77736735
4.41000032 , -2.53441215
4.42000008 , -5.64728451
4.43000031 , -2.84328294
4.44000053 , -3.34341502
4.45000029 , -18.5567646
4.46000051 , -2.06119585
4.47000027 , -2.55302882
4.48000050 , NaN
4.49000025 , -2.36563802
4.50000048 , -1.26638079
4.51000023 , -1.42936480
4.52000046 , NaN
4.53000021 , NaN
4.54000044 , -1.81091249
4.55000019 , -2.08355832
4.56000042 , -2.27096319
4.57000017 , -1.96131074
4.58000040 , -1.71499002
4.59000015 , -2.71854305
4.60000038 , -1.10845649
4.61000013 , -1.80637443
4.62000036 , -2.68992662
4.63000011 , NaN
4.64000034 , -2.35591960
4.65000010 , -1.59817207
4.66000032 , -1.78161347
4.67000055 , NaN
4.68000031 , -1.62312365
4.69000053 , -2.85721517
4.70000029 , -1.74758708
4.71000051 , -3.61359334
4.72000027 , -1.87833858
4.73000050 , -1.68560612
4.74000025 , NaN
4.75000048 , -1.91230500
4.76000023 , NaN
4.77000046 , -1.78511298
4.78000021 , -2.36581159
4.79000044 , -3.60834742
4.80000019 , -1.42539108
4.81000042 , -2.36383867
4.82000017 , -1.88360679
4.83000040 , -2.46361709
4.84000015 , -5.61995697
4.85000038 , -3.74749589
4.86000013 , -1.84587693
4.87000036 , -1.40584958
4.88000011 , -1.76716816
4.89000034 , -2.01934218
4.90000057 , -2.35789561
4.91000032 , -2.39645362
4.92000055 , NaN
4.93000031 , NaN
4.94000053 , -0.864069343
4.95000029 , -2.10113025
4.96000051 , -1.98767030
4.97000027 , NaN
4.98000050 , -1.57643950
4.99000025 , -1.93371379
5.00000048 , -2.15936041
5.01000023 , NaN
5.02000046 , -1.60981286
5.03000021 , -1.69532251
5.04000044 , -2.15668988
5.05000019 , -4.91286325
5.06000042 , -0.822023273
5.07000017 , -1.54422724
5.08000040 , -3.11909389
5.09000015 , -2.89528036
5.10000038 , -1.29859412
5.11000013 , -3.81022763
5.12000036 , -1.82855499
5.13000059 , -2.50960088
5.14000034 , -1.27583802
5.15000057 , -2.46380329
5.16000032 , -2.46312928
5.17000055 , -2.50690794
5.18000031 , -1.37044203
5.19000053 , -1.89529777
5.20000029 , -1.87023127
5.21000051 , -1.95766246
5.22000027 , -2.95551538
5.23000050 , -1.35256910
5.24000025 , -5.59321260
5.25000048 , -2.09603238
5.26000023 , -1.28106368
5.27000046 , -2.45568991
5.28000021 , NaN
5.29000044 , -3.88507819
5.30000019 , -1.95155883
5.31000042 , -0.968405843
5.32000017 , NaN
5.33000040 , -4.20080805
5.34000015 , -1.15560305
5.35000038 , NaN
5.36000061 , -1.81229436
5.37000036 , NaN
5.38000059 , -1.28640282
5.39000034 , -1.69118357
5.40000057 , -1.64073718
5.41000032 , -1.85594058
5.42000055 , -3.22957397
5.43000031 , -2.53574014
5.44000053 , -2.40152216
5.45000029 , -1.98157632
5.46000051 , -2.42119980
5.47000027 , NaN
5.48000050 , -2.55639911
5.49000025 , -1.88725603
5.50000048 , -1.73599434
5.51000023 , -2.07824874
5.52000046 , -2.31596923
5.53000021 , -2.25918913
5.54000044 , -3.96324587
5.55000019 , NaN
5.56000042 , -2.17010260
5.57000017 , -1.22680140
5.58000040 , -1.17546415
5.59000063 , -2.25503397
5.60000038 , NaN
5.61000061 , -1.08482873
5.62000036 , -2.28999114
5.63000059 , NaN
5.64000034 , -2.57001185
5.65000057 , -2.11506009
5.66000032 , -3.42428374
5.67000055 , -2.73043919
5.68000031 , -1.53760302
5.69000053 , -1.96494389
5.70000029 , NaN
5.71000051 , -2.30276155
5.72000027 , -1.83446407
5.73000050 , -1.79825640
5.74000025 , NaN
5.75000048 , -1.74034214
5.76000023 , -1.18159521
5.77000046 , -1.57696819
5.78000021 , NaN
5.79000044 , -1.67367959
5.80000019 , -2.08880353
5.81000042 , -1.98430216
5.82000065 , -3.20175481
5.83000040 , -2.77983570
5.84000063 , -6.24485588
5.85000038 , -2.68881130
5.86000061 , -3.10795832
5.87000036 , -1.77683640
5.88000059 , -1.42175603
5.89000034 , -2.19827747
5.90000057 , -2.03592706
5.91000032 , -2.17946720
5.92000055 , -2.98110342
5.93000031 , -2.07960629
5.94000053 , -2.52420688
5.95000029 , -1.11907363
5.96000051 , NaN
5.97000027 , NaN
5.98000050 , -2.47372961
5.99000025 , -1.75687921
6.00000048 , -2.10636783
6.01000023 , NaN
6.02000046 , -2.05768514
6.03000021 , -2.02666497
6.04000044 , -1.76473284
6.05000019 , -1.34712255
6.06000042 , -1.31655228
6.07000065 , -1.59376049
6.08000040 , NaN
6.09000063 , NaN
6.10000038 , -1.84430754
6.11000061 , -3.13457179
6.12000036 , -1.67101693
6.13000059 , -1.65982485
6.14000034 , -2.08031702
6.15000057 , NaN
6.16000032 , -1.49461961
6.17000055 , -1.17142892
6.18000031 , -1.97206700
6.19000053 , -4.61039925
6.20000029 , -2.23012948
6.21000051 , -3.65343881
6.22000027 , -2.01297092
6.23000050 , -1.42944539
6.24000025 , -2.07307577
6.25000048 , -2.38684225
6.26000023 , -2.50118446
6.27000046 , NaN
6.28000021 , -0.919994175
6.29000044 , -2.91673303
6.30000067 , -2.10096693
6.31000042 , -1.09311616
6.32000065 , NaN
6.33000040 , -1.63493752
6.34000063 , -1.19163692
6.35000038 , NaN
6.36000061 , -1.78861094
6.37000036 , -3.16219544
6.38000059 , -1.60081363
6.39000034 , -2.29322672
6.40000057 , -1.73860598
6.41000032 , -2.14333606
6.42000055 , -2.39638066
6.43000031 , -3.71739912
6.44000053 , -4.40981007
6.45000029 , -1.73492324
6.46000051 , -1.15666771
6.47000027 , -2.08848023
6.48000050 , -4.11917448
6.49000025 , -4.25196457
6.50000048 , -1.42644966
6.51000023 , NaN
6.52000046 , -1.19170582
6.53000069 , NaN
6.54000044 , -1.24540758
6.55000067 , -2.09907937
6.56000042 , -1.88861477
6.57000065 , -1.69212615
6.58000040 , -2.16583967
6.59000063 , -2.69393802
6.60000038 , -1.57457864
6.61000061 , -2.36031199
6.62000036 , -1.62385762
6.63000059 , -2.27543521
6.64000034 , -2.27468657
6.65000057 , -4.39420223
6.66000032 , -2.05807757
6.67000055 , -4.57502413
6.68000031 , -1.52027214
6.69000053 , -5.48981428
6.70000029 , -1.53781796
6.71000051 , NaN
6.72000027 , -1.87663877
6.73000050 , -1.63665593
6.74000025 , -2.71346140
6.75000048 , NaN
6.76000071 , -1.10251367
6.77000046 , NaN
6.78000069 , -1.31636298
6.79000044 , -1.37962830
6.80000067 , -3.08362031
6.81000042 , -1.68526757
6.82000065 , -2.13009429
6.83000040 , -1.86832142
6.84000063 , -1.99723947
6.85000038 , -4.22495461
6.86000061 , -1.77565682
6.87000036 , -2.80204844
6.88000059 , -2.47970319
6.89000034 , -2.98976684
6.90000057 , -2.27523661
6.91000032 , -2.25427032
6.92000055 , -2.42785978
6.93000031 , NaN
6.94000053 , -1.38487554
6.95000029 , NaN
6.96000051 , -1.17885935
6.97000027 , NaN
6.98000050 , -1.38180816
6.99000072 , -2.00128007
7.00000048 , -1.98500681
7.01000071 , NaN
7.02000046 , -2.89975834
7.03000069 , -2.75588679
7.04000044 , -1.14567733
7.05000067 , -20.0495872
7.06000042 , -2.01163363
7.07000065 , -1.48116612
7.08000040 , -3.95599723
7.09000063 , -2.16346288
7.10000038 , NaN
7.11000061 , -1.09465086
7.12000036 , -1.88744080
7.13000059 , -2.43577170
7.14000034 , -2.53764892
7.15000057 , -1.60449374
7.16000032 , -1.62522197
7.17000055 , NaN
7.18000031 , -1.75100219
7.19000053 , -1.91056466
7.20000029 , -2.19264627
7.21000051 , -4.75681639
7.22000074 , -1.29029596
7.23000050 , -2.84570694
7.24000072 , -1.46793103
7.25000048 , -2.22795320
7.26000071 , NaN
7.27000046 , -2.04406142
7.28000069 , -0.978565156
7.29000044 , -3.49777746
7.30000067 , NaN
7.31000042 , NaN
7.32000065 , -1.51935029
7.33000040 , -1.87100184
7.34000063 , -3.24252033
7.35000038 , -2.30346084
7.36000061 , -2.73011327
7.37000036 , -2.72932243
7.38000059 , -1.83926809
7.39000034 , -2.05139756
7.40000057 , -2.69415545
7.41000032 , -1.58405280
7.42000055 , -3.72865772
7.43000031 , -1.65984952
7.44000053 , -2.38729215
7.45000076 , -1.87567019
7.46000051 , NaN
7.47000074 , -1.97943556
7.48000050 , -2.04423499
7.49000072 , -1.34184968
7.50000048 , -4.73387718
7.51000071 , -3.02833033
7.52000046 , -5.01996088
7.53000069 , -1.97463596
7.54000044 , -5.01835537
7.55000067 , -1.48143637
7.56000042 , -1.53039420
7.57000065 , -1.58195817
7.58000040 , -4.03431129
7.59000063 , -2.58658695
7.60000038 , -2.12315726
7.61000061 , -1.31554389
7.62000036 , -1.65617955
7.63000059 , -2.55437016
7.64000034 , -2.58254957
7.65000057 , -1.58631206
7.66000032 , -2.84919381
7.67000055 , -1.85798466
7.68000031 , NaN
7.69000053 , -1.04226160
7.70000076 , -2.60753632
7.71000051 , -2.84513378
7.72000074 , -1.95928204
7.73000050 , -4.71530819
7.74000072 , -1.68194592
7.75000048 , -1.28778648
7.76000071 , -3.79656744
7.77000046 , -1.57654822
7.78000069 , NaN
7.79000044 , -1.56410062
7.80000067 , -1.53153276
7.81000042 , -3.09932876
7.82000065 , -1.40289199
7.83000040 , -2.87454271
7.84000063 , -2.10361314
7.85000038 , NaN
7.86000061 , -2.12065864
7.87000036 , NaN
7.88000059 , -3.14486313
7.89000034 , -1.22094214
7.90000057 , NaN
7.91000032 , -2.21562290
7.92000055 , -3.25278258
7.93000078 , -2.23502040
7.94000053 , -1.14986527
7.95000076 , -1.61760139
7.96000051 , NaN
7.97000074 , -2.13060451
7.98000050 , -1.20581913
7.99000072 , NaN
8.00000095 , -2.49583268
8.01000023 , -2.41495633
8.02000046 , -2.20648217
8.03000069 , -4.28508997
8.04000092 , -3.59110618
8.05000019 , -1.96430171
8.06000042 , -2.77850246
8.07000065 , -2.74129677
8.08000088 , -1.89827526
8.09000015 , -2.02877116
8.10000038 , -1.72717822
8.11000061 , -2.28595281
8.12000084 , -2.57279301
8.13000011 , -2.17663884
8.14000034 , -1.41365576
8.15000057 , NaN
8.16000080 , -2.09563661
8.17000103 , -2.17326331
8.18000031 , -1.40079880
8.19000053 , -2.19219041
8.20000076 , -1.33515656
8.21000099 , NaN
8.22000027 , NaN
8.23000050 , -1.48528802
8.24000072 , -1.81065416
8.25000095 , -1.24611366
8.26000023 , NaN
8.27000046 , -4.95798445
8.28000069 , -2.55923438
8.29000092 , -1.96054363
8.30000019 , -1.63519347
8.31000042 , -1.79049897
8.32000065 , -2.58658671
8.33000088 , -2.20131874
8.34000015 , -1.50731421
8.35000038 , NaN
8.36000061 , -2.09764814
8.37000084 , -1.62919235
8.38000107 , -2.26298308
8.39000034 , -3.27372360
8.40000057 , -1.84075701
8.41000080 , -1.98414433
8.42000103 , -1.58937705
8.43000031 , -2.90736580
8.44000053 , -3.47704649
8.45000076 , -1.59847915
8.46000099 , -1.82075620
8.47000027 , -1.72190905
8.48000050 , -1.46381855
8.49000072 , -1.57175303
8.50000095 , -3.09235263
8.51000023 , -1.78742671
8.52000046 , -2.94400954
8.53000069 , -2.04519558
8.54000092 , -2.24911785
8.55000019 , -3.03670263
8.56000042 , -2.08031678
8.57000065 , -1.53087604
8.58000088 , -3.72722650
8.59000015 , -1.64690816
8.60000038 , -1.75139201
8.61000061 , NaN
8.62000084 , -3.19308877
8.63000107 , -1.36198401
8.64000034 , -1.40942264
8.65000057 , -1.92931795
8.66000080 , NaN
8.67000103 , -2.26069880
8.68000031 , -1.62656665
8.69000053 , -2.65283656
8.70000076 , -1.30074847
8.71000099 , -2.43484306
8.72000027 , -2.49111533
8.73000050 , -3.07214999
8.74000072 , -1.59686077
8.75000095 , -1.54890490
8.76000023 , -4.06801224
8.77000046 , NaN
8.78000069 , -1.74946249
8.79000092 , -1.74857116
8.80000019 , -1.52172220
8.81000042 , NaN
8.82000065 , -1.74589145
8.83000088 , NaN
8.84000015 , -3.01104856
8.85000038 , -3.11551261
8.86000061 , -2.22079754
8.87000084 , -3.29603863
8.88000107 , -1.54884255
8.89000034 , NaN
8.90000057 , -1.31925857
8.91000080 , NaN
8.92000103 , -2.41606808
8.93000031 , -1.70822394
8.94000053 , -2.14763188
8.95000076 , NaN
8.96000099 , -2.53023386
8.97000027 , -2.18840146
8.98000050 , -1.44027984
8.99000072 , -4.89463663
9.00000095 , -2.10051990
9.01000023 , -2.99569821
9.02000046 , -3.21793079
9.03000069 , -4.60331583
9.04000092 , -2.94417453
9.05000019 , -1.52187634
9.06000042 , -3.42192173
9.07000065 , -4.04004574
9.08000088 , -1.51913249
9.09000111 , -1.88977993
9.10000038 , -4.37376833
9.11000061 , -2.76341391
9.12000084 , NaN
9.13000107 , -1.49181569
9.14000034 , -1.59750438
9.15000057 , NaN
9.16000080 , NaN
9.17000103 , -1.02800488
9.18000031 , NaN
9.19000053 , NaN
9.20000076 , -1.51964366
9.21000099 , NaN
9.22000027 , -1.81325424
9.23000050 , -1.61450064
9.24000072 , -1.87593579
9.25000095 , -2.07753038
9.26000023 , NaN
9.27000046 , -2.13884687
9.28000069 , NaN
9.29000092 , -1.28349185
9.30000019 , -2.35377026
9.31000042 , -3.13054037
9.32000065 , -2.29925609
9.33000088 , NaN
9.34000111 , -2.70284677
9.35000038 , -1.29656577
9.36000061 , -2.43270469
9.37000084 , -4.16636562
9.38000107 , NaN
9.39000034 , NaN
9.40000057 , -2.58800316
9.41000080 , -1.14217079
9.42000103 , NaN
9.43000031 , NaN
9.44000053 , -4.00560808
9.45000076 , -2.65473342
9.46000099 , -2.26074290
9.47000027 , -1.50602186
9.48000050 , NaN
9.49000072 , -3.23872161
9.50000095 , NaN
9.51000023 , -1.85052299
9.52000046 , -1.32879281
9.53000069 , -3.30390167
9.54000092 , -4.55570745
9.55000114 , -1.89799511
9.56000042 , NaN
9.57000065 , -2.15494132
9.58000088 , -1.81103742
9.59000111 , -2.89268899
9.60000038 , NaN
9.61000061 , -1.38141167
9.62000084 , -1.98308218
9.63000107 , -3.85392118
9.64000034 , -3.85295510
9.65000057 , NaN
9.66000080 , -1.07843435
9.67000103 , -3.98358560
9.68000031 , -2.88400578
9.69000053 , -3.62497330
9.70000076 , -1.44925165
9.71000099 , NaN
9.72000027 , -2.39828467
9.73000050 , -2.23479271
9.74000072 , NaN
9.75000095 , NaN
9.76000023 , -2.18307686
9.77000046 , -1.46542251
9.78000069 , NaN
9.79000092 , -1.84027529
9.80000114 , NaN
9.81000042 , -1.90851843
9.82000065 , -2.51367235
9.83000088 , -3.34893823
9.84000111 , NaN
9.85000038 , -3.02154684
9.86000061 , -1.97910714
9.87000084 , NaN
9.88000107 , -1.49011803
9.89000034 , -1.63130355
9.90000057 , -1.46432912
9.91000080 , -4.29655170
9.92000103 , -2.47101068
9.93000031 , -1.93371367
9.94000053 , -2.95857334
9.95000076 , -2.46802998
9.96000099 , -3.82157946
9.97000027 , -2.16235542
9.98000050 , -1.94778430
9.99000072 , -2.28711176
10.0000010 , -1.63435006
10.0100012 , -2.25844312
10.0200005 , NaN
10.0300007 , -2.33867741
10.0400009 , -1.71863461
10.0500011 , -18.6451092
10.0600004 , -3.25195527
10.0700006 , -1.99818516
10.0800009 , NaN
10.0900011 , -1.79364455
10.1000004 , NaN
10.1100006 , -1.95414340
10.1200008 , -3.24589992
10.1300011 , -2.35758424
10.1400003 , -1.53912544
10.1500006 , -2.51462054
10.1600008 , NaN
10.1700010 , -2.11868358
10.1800003 , -2.14119649
10.1900005 , -3.04463387
10.2000008 , NaN
10.2100010 , -1.51909745
10.2200003 , -3.79534292
10.2300005 , -5.18061447
10.2400007 , -1.32944250
10.2500010 , NaN
10.2600012 , NaN
10.2700005 , -2.46846104
10.2800007 , -2.17975116
10.2900009 , NaN
10.3000011 , -1.47212160
10.3100004 , -1.67588437
10.3200006 , -3.46661139
10.3300009 , -2.77243066
10.3400011 , -2.72694397
10.3500004 , -2.05474043
10.3600006 , -1.29601777
10.3700008 , -5.85932589
10.3800011 , NaN
10.3900003 , -2.05058670
10.4000006 , -1.62210131
10.4100008 , -1.84783244
10.4200010 , NaN
10.4300003 , -1.36444163
10.4400005 , NaN
10.4500008 , -1.57432008
10.4600010 , NaN
10.4700003 , -1.22391665
10.4800005 , NaN
10.4900007 , NaN
10.5000010 , -1.55527699
10.5100012 , -1.59618831
10.5200005 , -2.75258660
10.5300007 , -2.89813495
10.5400009 , -2.08031726
10.5500011 , -2.17689800
10.5600004 , -1.98925304
10.5700006 , -3.53575611
10.5800009 , -2.14840055
10.5900011 , -2.61734200
10.6000004 , -3.19609690
10.6100006 , -1.23897004
10.6200008 , -2.09535480
10.6300011 , NaN
10.6400003 , -1.75335264
10.6500006 , -4.03806257
10.6600008 , -1.60924363
10.6700010 , -2.93730760
10.6800003 , -2.53077030
10.6900005 , -2.45823789
10.7000008 , -2.60558343
10.7100010 , -1.91136026
10.7200012 , NaN
10.7300005 , -1.57273293
10.7400007 , -2.92977715
10.7500010 , -1.61437583
10.7600012 , -3.73854470
10.7700005 , -2.32039618
10.7800007 , -1.70494580
10.7900009 , NaN
10.8000011 , -1.92182803
10.8100004 , -2.81682801
10.8200006 , -2.05027175
10.8300009 , NaN
10.8400011 , -1.73175359
10.8500004 , -1.63381147
10.8600006 , -2.58822942
10.8700008 , -2.30950284
10.8800011 , -2.40371680
10.8900003 , NaN
10.9000006 , -2.11383986
10.9100008 , NaN
10.9200010 , -2.21700001
10.9300003 , -1.70507252
10.9400005 , NaN
10.9500008 , -0.937397361
10.9600010 , NaN
10.9700012 , -1.63611412
10.9800005 , -1.65075469
10.9900007 , -2.42548394
11.0000010 , -3.71222734
11.0100012 , -1.33621037
11.0200005 , -1.87742150
11.0300007 , NaN
11.0400009 , -3.48462939
11.0500011 , -3.70665598
11.0600004 , NaN
11.0700006 , -1.52118123
11.0800009 , -1.56323278
11.0900011 , -1.57692635
11.1000004 , -3.47791123
11.1100006 , -2.06579995
11.1200008 , -3.83233595
11.1300011 , -2.31138372
11.1400003 , -3.83008075
11.1500006 , -2.63936830
11.1600008 , -1.51105189
11.1700010 , -3.69315815
11.1800013 , -1.59707904
11.1900005 , NaN
11.2000008 , -2.03152680
11.2100010 , -3.06000972
11.2200012 , -3.05887103
11.2300005 , -2.07690191
11.2400007 , -1.81339693
11.2500010 , -2.29776263
11.2600012 , -2.54347897
11.2700005 , -2.92799687
11.2800007 , -1.73471236
11.2900009 , -1.61578202
11.3000011 , -3.19281864
11.3100004 , -2.49852133
11.3200006 , -4.36917114
11.3300009 , -1.52020717
11.3400011 , -2.28742361
11.3500004 , -2.49390769
11.3600006 , -3.18589854
11.3700008 , -1.85786927
11.3800011 , -1.98733020
11.3900003 , -1.55771458
11.4000006 , -1.66866958
11.4100008 , -3.95328426
11.4200010 , -2.48578215
11.4300013 , NaN
11.4400005 , -1.20894587
11.4500008 , -3.17542672
11.4600010 , -2.07564425
11.4700012 , -3.25312710
11.4800005 , -1.74787724
11.4900007 , -2.26995063
11.5000010 , -2.02093887
11.5100012 , -1.52864134
11.5200005 , -1.55776787
11.5300007 , -2.26523948
11.5400009 , -1.57091081
11.5500011 , -2.47051477
11.5600004 , -1.49332070
11.5700006 , NaN
11.5800009 , -2.22854662
11.5900011 , -1.98619676
11.6000004 , -2.42683959
11.6100006 , -3.52426076
11.6200008 , -1.98262286
11.6300011 , -1.89045739
11.6400013 , -2.19154263
11.6500006 , -3.23179913
11.6600008 , -2.02662873
11.6700010 , NaN
11.6800013 , -1.20224762
11.6900005 , -2.66738224
11.7000008 , -1.68534827
11.7100010 , NaN
11.7200012 , -1.73799598
11.7300005 , -1.54819655
11.7400007 , -1.68051755
11.7500010 , -3.75874710
11.7600012 , -3.91168547
11.7700005 , -1.42556465
11.7800007 , -1.93981493
11.7900009 , -2.33250189
11.8000011 , -3.50135398
11.8100004 , -1.60301399
11.8200006 , -1.72584498
11.8300009 , -3.90315485
11.8400011 , -3.39110398
11.8500004 , -2.05487680
11.8600006 , -1.40077627
11.8700008 , -2.43190908
11.8800011 , -2.85556149
11.8900013 , -1.57666886
11.9000006 , -1.52742600
11.9100008 , -4.99192286
11.9200010 , -1.71354461
11.9300013 , -1.69361424
11.9400005 , NaN
11.9500008 , -2.46124125
11.9600010 , -1.72763002
11.9700012 , -1.91642916
11.9800005 , -1.59884584
11.9900007 , -5.67514038
12.0000010 , -1.21953905
12.0100012 , NaN
12.0200005 , -2.83816981
12.0300007 , -1.71888566
12.0400009 , -2.41077733
12.0500011 , -3.26972175
12.0600004 , -2.89376926
12.0700006 , NaN
12.0800009 , -1.25711656
12.0900011 , NaN
12.1000004 , -3.09635782
12.1100006 , -4.56142712
12.1200008 , -1.89757252
12.1300011 , -1.63215125
12.1400013 , -3.45900607
12.1500006 , -3.25706291
12.1600008 , NaN
12.1700010 , -3.01334977
12.1800013 , NaN
12.1900005 , -1.25540054
12.2000008 , NaN
12.2100010 , -1.62193370
12.2200012 , -2.65026855
12.2300005 , -1.65573120
12.2400007 , -2.75305510
12.2500010 , -2.05861878
12.2600012 , -1.67055428
12.2700005 , -3.15464687
12.2800007 , -1.59520745
12.2900009 , -2.86437464
12.3000011 , -1.87446487
12.3100004 , -1.78421807
12.3200006 , -2.92501426
12.3300009 , -1.58871007
12.3400011 , -1.27374780
12.3500013 , -2.63341808
12.3600006 , -1.73602176
12.3700008 , -1.36385286
12.3800011 , NaN
12.3900013 , NaN
12.4000006 , -2.78937960
12.4100008 , -2.18728948
12.4200010 , NaN
12.4300013 , -0.918157339
12.4400005 , -1.95375443
12.4500008 , -2.90794182
12.4600010 , -1.90109503
12.4700012 , -2.84075093
12.4800005 , -2.56748867
12.4900007 , -1.14477205
12.5000010 , NaN
12.5100012 , -1.26420808
12.5200005 , NaN
12.5300007 , -2.89728975
12.5400009 , -1.49312615
12.5500011 , -1.54221570
12.5600004 , -1.77267480
12.5700006 , NaN
12.5800009 , -1.39393127
12.5900011 , -2.70690346
12.6000013 , -4.49731207
12.6100006 , -1.37506473
12.6200008 , -2.00969934
12.6300011 , -2.19066501
12.6400013 , -2.54598236
12.6500006 , -2.64470601
12.6600008 , -1.63653994
12.6700010 , -1.57908690
12.6800013 , -1.49071062
12.6900005 , -2.28785110
12.7000008 , -1.79812968
12.7100010 , NaN
12.7200012 , -3.01462626
12.7300005 , -1.03490603
12.7400007 , -2.31872821
12.7500010 , -3.17755127
12.7600012 , -2.04770517
12.7700005 , -2.68231201
12.7800007 , -1.42816520
12.7900009 , -2.20261788
12.8000011 , NaN
12.8100014 , -3.08222938
12.8200006 , -3.08083773
12.8300009 , -1.71420252
12.8400011 , -1.95203662
12.8500013 , -18.8436832
12.8600006 , -2.30206108
12.8700008 , NaN
12.8800011 , -2.84930229
12.8900013 , NaN
12.9000006 , -1.70439184
12.9100008 , -2.78054142
12.9200010 , NaN
12.9300013 , -3.35308051
12.9400005 , -2.08315396
12.9500008 , -1.27080643
12.9600010 , -3.14815688
12.9700012 , -2.54889941
12.9800005 , -1.61138248
12.9900007 , -2.90272498
13.0000010 , -1.60852945
13.0100012 , -1.60709989
13.0200005 , -1.87393188
13.0300007 , NaN
13.0400009 , -3.33739972
13.0500011 , -0.814687908
13.0600014 , NaN
13.0700006 , -1.59847903
13.0800009 , -0.996260881
13.0900011 , NaN
13.1000013 , -3.91652775
13.1100006 , NaN
13.1200008 , -0.869102895
13.1300011 , -2.88255167
13.1400013 , -2.22431540
13.1500006 , NaN
13.1600008 , NaN
13.1700010 , -1.45532668
13.1800013 , -1.60228169
13.1900005 , -1.70617414
13.2000008 , -2.37587309
13.2100010 , NaN
13.2200012 , -1.10170281
13.2300005 , NaN
13.2400007 , -3.30824280
13.2500010 , -2.61361599
13.2600012 , -3.42306352
13.2700014 , -2.66780639
13.2800007 , -1.97317278
13.2900009 , -1.30838919
13.3000011 , -2.72396326
13.3100014 , NaN
13.3200006 , NaN
13.3300009 , -1.43162155
13.3400011 , -1.59874415
13.3500013 , -1.77548969
13.3600006 , -1.99104929
13.3700008 , -2.19021273
13.3800011 , -2.44001770
13.3900013 , -3.69126964
13.4000006 , -1.20484865
13.4100008 , NaN
13.4200010 , -1.95211887
13.4300013 , -2.70437026
13.4400005 , -1.50514340
13.4500008 , -2.07271242
13.4600010 , NaN
13.4700012 , -2.29279780
13.4800005 , -1.73164964
13.4900007 , NaN
13.5000010 , -1.38870955
13.5100012 , -1.42165589
13.5200014 , -3.85372710
13.5300007 , -2.16578412
13.5400009 , -5.46007729
13.5500011 , -1.14103675
13.5600014 , -2.74892282
13.5700006 , -2.12321520
13.5800009 , -1.89851511
13.5900011 , -1.89695573
13.6000013 , -1.51891708
13.6100006 , -1.92281830
13.6200008 , NaN
13.6300011 , NaN
13.6400013 , -1.94796562
13.6500006 , -3.36345744
13.6600008 , -2.66873455
13.6700010 , NaN
13.6800013 , -1.34381926
13.6900005 , -3.82714176
13.7000008 , -4.04869986
13.7100010 , -2.06611013
13.7200012 , -1.64762497
13.7300005 , -2.29472661
13.7400007 , -2.48418617
13.7500010 , -4.04073095
13.7600012 , -19.3992996
13.7700014 , -3.47791052
13.7800007 , -2.47777581
13.7900009 , -1.83708668
13.8000011 , -2.64640522
13.8100014 , NaN
13.8200006 , -2.42003083
13.8300009 , -1.70057166
13.8400011 , -2.19364572
13.8500013 , NaN
13.8600006 , -1.62507987
13.8700008 , NaN
13.8800011 , -2.27051282
13.8900013 , NaN
13.9000006 , -1.51091337
13.9100008 , -1.81757379
13.9200010 , -3.32000756
13.9300013 , -3.45189381
13.9400005 , -1.38882148
13.9500008 , -2.68645287
13.9600010 , -1.52164781
13.9700012 , -2.30014944
13.9800014 , -2.55631900
13.9900007 , NaN
14.0000010 , -4.69305706
14.0100012 , -2.38880396
14.0200014 , -1.69398606
14.0300007 , -3.58943176
14.0400009 , -2.16063929
14.0500011 , -2.97994065
14.0600014 , -2.66810369
14.0700006 , NaN
14.0800009 , -2.80783200
14.0900011 , -0.928439438
14.1000013 , -0.950556695
14.1100006 , -5.36770391
14.1200008 , -3.16877675
14.1300011 , -1.80895150
14.1400013 , -2.87768793
14.1500006 , NaN
14.1600008 , -2.31465316
14.1700010 , -1.99016595
14.1800013 , -2.71668792
14.1900005 , -1.92003822
14.2000008 , -1.82594204
14.2100010 , -2.35484481
14.2200012 , -2.25780606
14.2300014 , -1.39587319
14.2400007 , -2.86047578
14.2500010 , -2.12476897
14.2600012 , NaN
14.2700014 , -1.40833485
14.2800007 , -1.57721341
14.2900009 , -1.69907773
14.3000011 , NaN
14.3100014 , -2.19766092
14.3200006 , -3.38548613
14.3300009 , -2.28511143
14.3400011 , NaN
14.3500013 , -1.95880437
14.3600006 , -1.58665931
14.3700008 , -1.47240663
14.3800011 , -1.79441607
14.3900013 , -1.36775172
14.4000006 , -1.65364981
14.4100008 , -2.75047493
14.4200010 , -5.31363392
14.4300013 , -1.39981687
14.4400015 , -2.09116697
14.4500008 , NaN
14.4600010 , -1.29910624
14.4700012 , -3.10740829
14.4800014 , -4.20421028
14.4900007 , -2.04291296
14.5000010 , -2.00335598
14.5100012 , NaN
14.5200014 , -0.991484702
14.5300007 , NaN
14.5400009 , NaN
14.5500011 , -1.22961771
14.5600014 , -5.28822136
14.5700006 , -1.78987610
14.5800009 , -2.39416909
14.5900011 , -4.18408060
14.6000013 , -2.71589446
14.6100006 , -1.30869830
14.6200008 , -1.58825386
14.6300011 , -2.01717615
14.6400013 , NaN
14.6500006 , -0.940807998
14.6600008 , -3.47791100
14.6700010 , -2.55974627
14.6800013 , -1.33409274
14.6900015 , -2.12854242
14.7000008 , -3.87585711
14.7100010 , -2.55221295
14.7200012 , -2.21384859
14.7300014 , -2.16543269
14.7400007 , -2.54652572
14.7500010 , NaN
14.7600012 , -2.76585960
14.7700014 , -2.15781355
14.7800007 , -1.95110536
14.7900009 , -17.6086235
14.8000011 , -2.10760903
14.8100014 , -1.39103103
14.8200006 , NaN
14.8300009 , -3.62787938
14.8400011 , -1.26508951
14.8500013 , NaN
14.8600006 , -1.79751086
14.8700008 , NaN
14.8800011 , -3.43583965
14.8900013 , -3.14620233
14.9000015 , -1.78969848
14.9100008 , -2.08622837
14.9200010 , NaN
14.9300013 , -1.88558102
14.9400015 , -1.95771480
14.9500008 , NaN
14.9600010 , -4.11323786
14.9700012 , -3.26395488
14.9800014 , -2.72296834
14.9900007 , -1.19854760
15.0000010 , -2.43129396
15.0100012 , -3.59244227
15.0200014 , -2.36666131
15.0300007 , -18.4820900
15.0400009 , -2.20011830
15.0500011 , -1.50495303
15.0600014 , -2.41922140
15.0700006 , -18.7258987
15.0800009 , -1.33760583
15.0900011 , -1.60219979
15.1000013 , -1.81638443
15.1100006 , -1.78043962
15.1200008 , -1.17225707
15.1300011 , -3.09809732
15.1400013 , NaN
15.1500015 , NaN
15.1600008 , NaN
15.1700010 , -1.25726831
15.1800013 , -2.22277975
15.1900015 , NaN
15.2000008 , -4.06444740
15.2100010 , -2.06993270
15.2200012 , -5.15888405
15.2300014 , -3.77049589
15.2400007 , -1.85885572
15.2500010 , -3.20667934
15.2600012 , -2.26011014
15.2700014 , -2.50931239
15.2800007 , NaN
15.2900009 , -2.57918334
15.3000011 , -3.06256533
15.3100014 , -2.50081992
15.3200006 , -2.42969251
15.3300009 , NaN
15.3400011 , -2.13772798
15.3500013 , -2.08678937
15.3600006 , -2.49010181
15.3700008 , -4.02838945
15.3800011 , -2.12910724
15.3900013 , -1.98717833
15.4000015 , NaN
15.4100008 , -3.73203063
15.4200010 , -1.40257204
15.4300013 , -2.54900885
15.4400015 , -2.71387219
15.4500008 , -1.32538235
15.4600010 , NaN
15.4700012 , -1.73787081
15.4800014 , NaN
15.4900007 , -1.76853740
15.5000010 , -1.73122668
15.5100012 , NaN
15.5200014 , -1.62833190
15.5300007 , -2.60692644
15.5400009 , -2.60468650
15.5500011 , -1.53200090
15.5600014 , -3.69880438
15.5700006 , -1.61710858
15.5800009 , -3.47114611
15.5900011 , -1.55195892
15.6000013 , -2.43699193
15.6100016 , NaN
15.6200008 , -2.29890466
15.6300011 , -2.67131233
15.6400013 , NaN
15.6500015 , -1.80652416
15.6600008 , -2.35426879
15.6700010 , -2.75742698
15.6800013 , -2.57279372
15.6900015 , -2.49043345
15.7000008 , -1.10181606
15.7100010 , -2.48578215
15.7200012 , -2.34034729
15.7300014 , NaN
15.7400007 , -1.71150970
15.7500010 , -1.99684119
15.7600012 , -1.70680380
15.7700014 , -2.55174017
15.7800007 , -1.73844302
15.7900009 , -2.14153576
15.8000011 , -2.46457982
15.8100014 , -3.41770792
15.8200006 , -2.62686062
15.8300009 , NaN
15.8400011 , -1.84190607
15.8500013 , -2.18434000
15.8600016 , -1.97061801
15.8700008 , NaN
15.8800011 , -4.31715012
15.8900013 , -1.54213178
15.9000015 , NaN
15.9100008 , -1.15284216
15.9200010 , -3.20878243
15.9300013 , -1.26041818
15.9400015 , NaN
15.9500008 , -1.62586617
15.9600010 , -4.29754210
15.9700012 , NaN
15.9800014 , -2.27767658
15.9900007 , -2.58534074
