0.00000000 , -5.12075378E-04
1.00000007E-02 , -9.61296558E-02
2.00000014E-02 , -0.142908558
3.00000012E-02 , -0.175966531
4.00000028E-02 , -0.194541126
5.00000045E-02 , -0.204467341
6.00000024E-02 , -0.214940950
7.00000077E-02 , -0.220932558
8.00000057E-02 , -0.230253205
9.00000036E-02 , -0.241078556
0.100000009 , -0.251286447
0.110000007 , -0.261990905
0.120000005 , -0.269749999
0.130000010 , -0.278782755
0.140000015 , -0.285030484
0.150000006 , -0.292224646
0.160000011 , -0.298536837
0.170000017 , -0.305951864
0.180000007 , -0.310973793
0.190000013 , -0.316021174
0.200000018 , -0.322215676
0.210000008 , -0.326798230
0.220000014 , -0.333858669
0.230000019 , -0.337882608
0.240000010 , -0.343343884
0.250000030 , -0.348259032
0.260000020 , -0.353691608
0.270000011 , -0.358550251
0.280000031 , -0.362674922
0.290000021 , -0.368774295
0.300000012 , -0.372089148
0.310000032 , -0.377631187
0.320000023 , -0.381747276
0.330000013 , -0.385813951
0.340000033 , -0.391432762
0.350000024 , -0.395360202
0.360000014 , -0.400493562
0.370000035 , -0.404456794
0.380000025 , -0.408118695
0.390000015 , -0.412339717
0.400000036 , -0.416967005
0.410000026 , -0.422833115
0.420000017 , -0.427693963
0.430000037 , -0.431859523
0.440000027 , -0.435530305
0.450000018 , -0.440359920
0.460000038 , -0.444179446
0.470000029 , -0.449216217
0.480000019 , -0.454041511
0.490000039 , -0.458294660
0.500000060 , -0.463905960
0.510000050 , -0.466399431
0.520000041 , -0.471597910
0.530000031 , -0.474643022
0.540000021 , -0.479033530
0.550000012 , -0.484396070
0.560000062 , -0.488265246
0.570000052 , -0.494294643
0.580000043 , -0.497607768
0.590000033 , -0.503992975
0.600000024 , -0.508063972
0.610000014 , -0.511448145
0.620000064 , -0.514995158
0.630000055 , -0.517947912
0.640000045 , -0.522761762
0.650000036 , -0.526833475
0.660000026 , -0.531690359
0.670000076 , -0.535875916
0.680000067 , -0.539639831
0.690000057 , -0.544144273
0.700000048 , -0.548877597
0.710000038 , -0.552455366
0.720000029 , -0.556518853
0.730000079 , -0.558780491
0.740000069 , -0.563636661
0.750000060 , -0.567161500
0.760000050 , -0.570965409
0.770000041 , -0.575452864
0.780000031 , -0.578697383
0.790000081 , -0.583435595
0.800000072 , -0.587518632
0.810000062 , -0.591428161
0.820000052 , -0.594343007
0.830000043 , -0.599101305
0.840000033 , -0.603111327
0.850000083 , -0.607662737
0.860000074 , -0.611790776
0.870000064 , -0.617470205
0.880000055 , -0.620546043
0.890000045 , -0.625233948
0.900000036 , -0.630735874
0.910000086 , -0.635301411
0.920000076 , -0.640344799
0.930000067 , -0.644954443
0.940000057 , -0.648749709
0.950000048 , -0.652559519
0.960000038 , -0.656035542
0.970000088 , -0.659640193
0.980000079 , -0.664281428
0.990000069 , -0.667681038
1.00000012 , -0.672035396
1.01000011 , -0.677060485
1.02000010 , -0.681337059
1.03000009 , -0.687456727
1.04000008 , -0.689344943
1.05000007 , -0.693523645
1.06000006 , -0.697538435
1.07000005 , -0.699779272
1.08000004 , -0.704611003
1.09000003 , -0.708150864
1.10000002 , -0.712224901
1.11000013 , -0.715853453
1.12000012 , -0.718846142
1.13000011 , -0.722933054
1.14000010 , -0.728252470
1.15000010 , -0.731470287
1.16000009 , -0.734353244
1.17000008 , -0.737748206
1.18000007 , -0.740743995
1.19000006 , -0.745207131
1.20000005 , -0.748798370
1.21000004 , -0.752626240
1.22000003 , -0.756212175
1.23000014 , -0.760358393
1.24000013 , -0.763778389
1.25000012 , -0.767631650
1.26000011 , -0.771695316
1.27000010 , -0.775448501
1.28000009 , -0.780529559
1.29000008 , -0.783293962
1.30000007 , -0.786462724
1.31000006 , -0.790537477
1.32000005 , -0.793529451
1.33000004 , -0.797298789
1.34000015 , -0.801552236
1.35000014 , -0.804712117
1.36000013 , -0.808794379
1.37000012 , -0.811638176
1.38000011 , -0.815885007
1.39000010 , -0.819534719
1.40000010 , -0.821861148
1.41000009 , -0.826461375
1.42000008 , -0.829183400
1.43000007 , -0.833332300
1.44000006 , -0.837324619
1.45000005 , -0.839832306
1.46000016 , -0.844270885
1.47000015 , -0.847077012
1.48000014 , -0.851336300
1.49000013 , -0.854480863
1.50000012 , -0.858949602
1.51000011 , -0.860977709
1.52000010 , -0.865475595
1.53000009 , -0.868054986
1.54000008 , -0.872656941
1.55000007 , -0.876447916
1.56000006 , -0.879382253
1.57000005 , -0.884219050
1.58000016 , -0.887907803
1.59000015 , -0.891389906
1.60000014 , -0.895510733
1.61000013 , -0.898464620
1.62000012 , -0.902726233
1.63000011 , -0.906707644
1.64000010 , -0.910892248
1.65000010 , -0.915282428
1.66000009 , -0.916486442
1.67000008 , -0.919843078
1.68000007 , -0.924538374
1.69000018 , -0.928569794
1.70000017 , -0.932196558
1.71000016 , -0.936297417
1.72000015 , -0.939605594
1.73000014 , -0.944046557
1.74000013 , -0.948740602
1.75000012 , -0.951076388
1.76000011 , -0.954394758
1.77000010 , -0.958352327
1.78000009 , -0.961301148
1.79000008 , -0.966235280
1.80000007 , -0.970518172
1.81000018 , -0.976537108
1.82000017 , -0.978658319
1.83000016 , -0.982311010
1.84000015 , -0.986622989
1.85000014 , -0.989534974
1.86000013 , -0.994203866
1.87000012 , -0.999467134
1.88000011 , -1.00258100
1.89000010 , -1.00619864
1.90000010 , -1.00797117
1.91000009 , -1.01218832
1.92000008 , -1.01800561
1.93000019 , -1.02130330
1.94000018 , -1.02629125
1.95000017 , -1.03105080
1.96000016 , -1.03269887
1.97000015 , -1.03719175
1.98000014 , -1.04076648
1.99000013 , -1.04688168
2.00000024 , -1.05092192
2.01000023 , -1.05493534
2.02000022 , -1.05965972
2.03000021 , -1.06261849
2.04000020 , -1.06803644
2.05000019 , -1.07145953
2.06000018 , -1.07542396
2.07000017 , -1.07767749
2.08000016 , -1.08188879
2.09000015 , -1.08264422
2.10000014 , -1.08866394
2.11000013 , -1.09260738
2.12000012 , -1.09634125
2.13000011 , -1.10045099
2.14000010 , -1.10271633
2.15000010 , -1.10771811
2.16000009 , -1.10890400
2.17000008 , -1.11338675
2.18000007 , -1.11761332
2.19000006 , -1.11987174
2.20000005 , -1.12486756
2.21000004 , -1.12723541
2.22000027 , -1.13268876
2.23000026 , -1.13413882
2.24000025 , -1.13906550
2.25000024 , -1.14184451
2.26000023 , -1.14467847
2.27000022 , -1.15127516
2.28000021 , -1.15218019
2.29000020 , -1.15810728
2.30000019 , -1.16098797
2.31000018 , -1.16517961
2.32000017 , -1.17011642
2.33000016 , -1.17249680
2.34000015 , -1.17624867
2.35000014 , -1.17937791
2.36000013 , -1.18517351
2.37000012 , -1.18966579
2.38000011 , -1.19522274
2.39000010 , -1.19821239
2.40000010 , -1.20246327
2.41000009 , -1.20582664
2.42000008 , -1.20643020
2.43000007 , -1.21238494
2.44000006 , -1.21344841
2.45000029 , -1.21980226
2.46000028 , -1.22102666
2.47000027 , -1.22578609
2.48000026 , -1.22892010
2.49000025 , -1.23180604
2.50000024 , -1.23890138
2.51000023 , -1.23936927
2.52000022 , -1.24777639
2.53000021 , -1.24866831
2.54000020 , -1.25171709
2.55000019 , -1.25726020
2.56000018 , -1.25948596
2.57000017 , -1.26485908
2.58000016 , -1.26630044
2.59000015 , -1.27117324
2.60000014 , -1.27466857
2.61000013 , -1.27704155
2.62000012 , -1.28435779
2.63000011 , -1.28419459
2.64000010 , -1.28953838
2.65000010 , -1.29052305
2.66000009 , -1.29529572
2.67000008 , -1.29826963
2.68000031 , -1.30313504
2.69000030 , -1.30807996
2.70000029 , -1.31187451
2.71000028 , -1.31585205
2.72000027 , -1.31725633
2.73000026 , -1.32374156
2.74000025 , -1.32691503
2.75000024 , -1.33152282
2.76000023 , -1.33724105
2.77000022 , -1.34057271
2.78000021 , -1.34773290
2.79000020 , -1.35034406
2.80000019 , -1.35511994
2.81000018 , -1.35810173
2.82000017 , -1.36097515
2.83000016 , -1.36721921
2.84000015 , -1.37112689
2.85000014 , -1.37701702
2.86000013 , -1.38048410
2.87000012 , -1.38522589
2.88000011 , -1.38486505
2.89000010 , -1.38980889
2.90000010 , -1.39417017
2.91000032 , -1.39940453
2.92000031 , -1.40460503
2.93000031 , -1.40743077
2.94000030 , -1.41372514
2.95000029 , -1.41471612
2.96000028 , -1.41775703
2.97000027 , -1.42118144
2.98000026 , -1.42311656
2.99000025 , -1.42819107
3.00000024 , -1.42781425
3.01000023 , -1.43322814
3.02000022 , -1.43778348
3.03000021 , -1.44140446
3.04000020 , -1.44497478
3.05000019 , -1.44721258
3.06000018 , -1.45376325
3.07000017 , -1.45615017
3.08000016 , -1.46055174
3.09000015 , -1.46328008
3.10000014 , -1.46445167
3.11000013 , -1.47124779
3.12000012 , -1.47334814
3.13000011 , -1.48033750
3.14000010 , -1.48365140
3.15000033 , -1.48797596
3.16000032 , -1.49158287
3.17000031 , -1.49332428
3.18000031 , -1.49951041
3.19000030 , -1.49849927
3.20000029 , -1.50221205
3.21000028 , -1.50559938
3.22000027 , -1.50811338
3.23000026 , -1.51124775
3.24000025 , -1.51473439
3.25000024 , -1.51857686
3.26000023 , -1.52298629
3.27000022 , -1.52575219
3.28000021 , -1.52713799
3.29000020 , -1.53165519
3.30000019 , -1.53430545
3.31000018 , -1.53717291
3.32000017 , -1.54138398
3.33000016 , -1.54398978
3.34000015 , -1.55007267
3.35000014 , -1.55426741
3.36000013 , -1.55926704
3.37000012 , -1.56386006
3.38000035 , -1.56753540
3.39000034 , -1.57100689
3.40000033 , -1.57238436
3.41000032 , -1.57601833
3.42000031 , -1.58025038
3.43000031 , -1.58494103
3.44000030 , -1.58700013
3.45000029 , -1.59164882
3.46000028 , -1.59631908
3.47000027 , -1.59802949
3.48000026 , -1.60317862
3.49000025 , -1.60482597
3.50000024 , -1.60933256
3.51000023 , -1.61295235
3.52000022 , -1.61681306
3.53000021 , -1.62236500
3.54000020 , -1.62496138
3.55000019 , -1.63194394
3.56000018 , -1.63502872
3.57000017 , -1.63913071
3.58000016 , -1.64153790
3.59000015 , -1.64668202
3.60000014 , -1.64965594
3.61000037 , -1.65303183
3.62000036 , -1.65839374
3.63000035 , -1.66021383
3.64000034 , -1.66410255
3.65000033 , -1.66856551
3.66000032 , -1.66968429
3.67000031 , -1.67714858
3.68000031 , -1.67827702
3.69000030 , -1.68304682
3.70000029 , -1.68759525
3.71000028 , -1.68979561
3.72000027 , -1.69609761
3.73000026 , -1.69576919
3.74000025 , -1.70268738
3.75000024 , -1.70583272
3.76000023 , -1.70699418
3.77000022 , -1.71516156
3.78000021 , -1.71775913
3.79000020 , -1.72356498
3.80000019 , -1.72686148
3.81000018 , -1.72686148
3.82000017 , -1.73229492
3.83000016 , -1.73442543
3.84000015 , -1.74007177
3.85000038 , -1.74549139
3.86000037 , -1.74868798
3.87000036 , -1.75389373
3.88000035 , -1.75685561
3.89000034 , -1.76227951
3.90000033 , -1.76773286
3.91000032 , -1.77188694
3.92000031 , -1.77543581
3.93000031 , -1.77944338
3.94000030 , -1.78266120
3.95000029 , -1.78867745
3.96000028 , -1.79048038
3.97000027 , -1.79618096
3.98000026 , -1.79908907
3.99000025 , -1.80227935
4.00000048 , -1.80575490
4.01000023 , -1.80841517
4.02000046 , -1.81505120
4.03000021 , -1.81866419
4.04000044 , -1.82396829
4.05000019 , -1.82995737
4.06000042 , -1.83362472
4.07000017 , -1.83579385
4.08000040 , -1.84081018
4.09000015 , -1.84776092
4.10000038 , -1.85053563
4.11000013 , -1.85408700
4.12000036 , -1.85649383
4.13000011 , -1.85996974
4.14000034 , -1.86656845
4.15000010 , -1.86851764
4.16000032 , -1.87536955
4.17000008 , -1.87960207
4.18000031 , -1.88405073
4.19000053 , -1.88951492
4.20000029 , -1.89081085
4.21000051 , -1.89631224
4.22000027 , -1.89872241
4.23000050 , -1.90608907
4.24000025 , -1.91035211
4.25000048 , -1.91442931
4.26000023 , -1.91770291
4.27000046 , -1.92109013
4.28000021 , -1.92707133
4.29000044 , -1.92800272
4.30000019 , -1.93444228
4.31000042 , -1.94029450
4.32000017 , -1.94176292
4.33000040 , -1.94597042
4.34000015 , -1.94882047
4.35000038 , -1.95592809
4.36000013 , -1.95923388
4.37000036 , -1.96566331
4.38000011 , -1.97008085
4.39000034 , -1.97592878
4.40000010 , -1.97886562
4.41000032 , -1.97973740
4.42000008 , -1.98454618
4.43000031 , -1.98937809
4.44000053 , -1.99136162
4.45000029 , -1.99822390
4.46000051 , -2.00223017
4.47000027 , -2.00658846
4.48000050 , -2.00916767
4.49000025 , -2.01119065
4.50000048 , -2.01739812
4.51000023 , -2.02205062
4.52000046 , -2.02992964
4.53000021 , -2.03475618
4.54000044 , -2.03613949
4.55000019 , -2.04087996
4.56000042 , -2.04366565
4.57000017 , -2.04750848
4.58000040 , -2.05124903
4.59000015 , -2.05488586
4.60000038 , -2.06231833
4.61000013 , -2.06837559
4.62000036 , -2.07111955
4.63000011 , -2.07542920
4.64000034 , -2.07891464
4.65000010 , -2.08072233
4.66000032 , -2.08422613
4.67000055 , -2.08883619
4.68000031 , -2.09322309
4.69000053 , -2.10107017
4.70000029 , -2.10452271
4.71000051 , -2.10848308
4.72000027 , -2.10959983
4.73000050 , -2.11295748
4.74000025 , -2.12008286
4.75000048 , -2.12058473
4.76000023 , -2.12852383
4.77000046 , -2.13042355
4.78000021 , -2.13194561
4.79000044 , -2.13971996
4.80000019 , -2.13997579
4.81000042 , -2.14523673
4.82000017 , -2.15220809
4.83000040 , -2.15779424
4.84000015 , -2.16236424
4.85000038 , -2.16551018
4.86000013 , -2.17090750
4.87000036 , -2.17474270
4.88000011 , -2.17620134
4.89000034 , -2.17925787
4.90000057 , -2.18339276
4.91000032 , -2.18687367
4.92000055 , -2.19306231
4.93000031 , -2.19630647
4.94000053 , -2.20010471
4.95000029 , -2.20555568
4.96000051 , -2.21089935
4.97000027 , -2.21834564
4.98000050 , -2.22139525
4.99000025 , -2.22584772
5.00000048 , -2.22668481
5.01000023 , -2.23495340
5.02000046 , -2.23509407
5.03000021 , -2.23989105
5.04000044 , -2.24613309
5.05000019 , -2.25169849
5.06000042 , -2.26017737
5.07000017 , -2.26133251
5.08000040 , -2.27310514
5.09000015 , -2.27544713
5.10000038 , -2.28147340
5.11000013 , -2.28768444
5.12000036 , -2.28738785
5.13000059 , -2.29244304
5.14000034 , -2.29393458
5.15000057 , -2.30142641
5.16000032 , -2.30413723
5.17000055 , -2.30867171
5.18000031 , -2.30912638
5.19000053 , -2.31520724
5.20000029 , -2.32439828
5.21000051 , -2.32871675
5.22000027 , -2.33678627
5.23000050 , -2.33943868
5.24000025 , -2.34460735
5.25000048 , -2.34649348
5.26000023 , -2.34822559
5.27000046 , -2.35740876
5.28000021 , -2.35724974
5.29000044 , -2.36315131
5.30000019 , -2.36683750
5.31000042 , -2.37134361
5.32000017 , -2.37651825
5.33000040 , -2.38188267
5.34000015 , -2.38482094
5.35000038 , -2.38908052
5.36000061 , -2.39418316
5.37000036 , -2.39732337
5.38000059 , -2.40313387
5.39000034 , -2.40847611
5.40000057 , -2.41435194
5.41000032 , -2.41620588
5.42000055 , -2.41620588
5.43000031 , -2.41958547
5.44000053 , -2.42535686
5.45000029 , -2.43236136
5.46000051 , -2.43889737
5.47000027 , -2.44356751
5.48000050 , -2.44582367
5.49000025 , -2.44982839
5.50000048 , -2.45577765
5.51000023 , -2.46140933
5.52000046 , -2.46742821
5.53000021 , -2.47312617
5.54000044 , -2.47742105
5.55000019 , -2.48353744
5.56000042 , -2.47867727
5.57000017 , -2.48824000
5.58000040 , -2.48878384
5.59000063 , -2.49881029
5.60000038 , -2.50487494
5.61000061 , -2.50616598
5.62000036 , -2.51786208
5.63000059 , -2.51748872
5.64000034 , -2.52611279
5.65000057 , -2.52818608
5.66000032 , -2.53614211
5.67000055 , -2.53728390
5.68000031 , -2.54301238
5.69000053 , -2.54627323
5.70000029 , -2.54742646
5.71000051 , -2.55031586
5.72000027 , -2.54742646
5.73000050 , -2.55263329
5.74000025 , -2.55398774
5.75000048 , -2.56117702
5.76000023 , -2.56861496
5.77000046 , -2.57018781
5.78000021 , -2.57670259
5.79000044 , -2.57749510
5.80000019 , -2.58067155
5.81000042 , -2.58685493
5.82000065 , -2.59006143
5.83000040 , -2.59630322
5.84000063 , -2.60035110
5.85000038 , -2.60238099
5.86000061 , -2.60543394
5.87000036 , -2.61115742
5.88000059 , -2.61013317
5.89000034 , -2.61712027
5.90000057 , -2.61773920
5.91000032 , -2.62270403
5.92000055 , -2.63124299
5.93000031 , -2.63040686
5.94000053 , -2.63859057
5.95000029 , -2.64154482
5.96000051 , -2.64769220
5.97000027 , -2.65152693
5.98000050 , -2.65238118
5.99000025 , -2.65795088
6.00000048 , -2.66010141
6.01000023 , -2.66463280
6.02000046 , -2.66744804
6.03000021 , -2.67005396
6.04000044 , -2.67244864
6.05000019 , -2.67637968
6.06000042 , -2.68362689
6.07000065 , -2.68870902
6.08000040 , -2.69381738
6.09000063 , -2.69693971
6.10000038 , -2.69693971
6.11000061 , -2.69917583
6.12000036 , -2.69962358
6.13000059 , -2.70231485
6.14000034 , -2.70817065
6.15000057 , -2.70862246
6.16000032 , -2.71269870
6.17000055 , -2.71247172
6.18000031 , -2.71292543
6.19000053 , -2.71519780
6.20000029 , -2.71406102
6.21000051 , -2.72594690
6.22000027 , -2.72342062
6.23000050 , -2.73101830
6.24000025 , -2.73495483
6.25000048 , -2.73820853
6.26000023 , -2.74591970
6.27000046 , -2.74451327
6.28000021 , -2.75156546
6.29000044 , -2.75369096
6.30000067 , -2.76606011
6.31000042 , -2.76917648
6.32000065 , -2.77254343
6.33000040 , -2.77931190
6.34000063 , -2.77713132
6.35000038 , -2.78734779
6.36000061 , -2.78198338
6.37000036 , -2.79249549
6.38000059 , -2.79028606
6.39000034 , -2.79569554
6.40000057 , -2.80039096
6.41000032 , -2.79791689
6.42000055 , -2.80485964
6.43000031 , -2.80163026
6.44000053 , -2.81009865
6.45000029 , -2.81360650
6.46000051 , -2.81763053
6.47000027 , -2.82192397
6.48000050 , -2.82167101
6.49000025 , -2.82623601
6.50000048 , -2.82496595
6.51000023 , -2.83082199
6.52000046 , -2.83158851
6.53000069 , -2.83954239
6.54000044 , -2.84315515
6.55000067 , -2.85094142
6.56000042 , -2.85068083
6.57000065 , -2.85590434
6.58000040 , -2.85328913
6.59000063 , -2.85355043
6.60000038 , -2.86194491
6.61000061 , -2.85747647
6.62000036 , -2.87200594
6.63000059 , -2.87094212
6.64000034 , -2.87787724
6.65000057 , -2.88728976
6.66000032 , -2.88190031
6.67000055 , -2.89842963
6.68000031 , -2.89542866
6.69000053 , -2.90445876
6.70000029 , -2.90831447
6.71000051 , -2.91246200
6.72000027 , -2.92108870
6.73000050 , -2.91523671
6.74000025 , -2.92585135
6.75000048 , -2.93007255
6.76000071 , -2.93346238
6.77000046 , -2.93431163
6.78000069 , -2.93346238
6.79000044 , -2.93686390
6.80000067 , -2.93714786
6.81000042 , -2.94341564
6.82000065 , -2.94455934
6.83000040 , -2.95145011
6.84000063 , -2.95867872
6.85000038 , -2.96245837
6.86000061 , -2.97123551
6.87000036 , -2.96771526
6.88000059 , -2.97535801
6.89000034 , -2.98187065
6.90000057 , -2.98902416
6.91000032 , -2.99803877
6.92000055 , -2.99894476
6.93000031 , -3.00075889
6.94000053 , -3.00591755
6.95000029 , -3.00835443
6.96000051 , -3.01171470
6.97000027 , -3.02186394
6.98000050 , -3.01785350
6.99000072 , -3.02899909
7.00000048 , -3.03430581
7.01000071 , -3.03587198
7.02000046 , -3.04595399
7.03000069 , -3.04310799
7.04000044 , -3.05007887
7.05000067 , -3.05039692
7.06000042 , -3.05741906
7.07000065 , -3.05677867
7.08000040 , -3.06578183
7.09000063 , -3.06578183
7.10000038 , -3.06966543
7.11000061 , -3.07551908
7.12000036 , -3.07323861
7.13000059 , -3.08568144
7.14000034 , -3.08469343
7.15000057 , -3.09196138
7.16000032 , -3.10028505
7.17000055 , -3.09995079
7.18000031 , -3.10632133
7.19000053 , -3.10531282
7.20000029 , -3.11476588
7.21000051 , -3.12225652
7.22000074 , -3.12499428
7.23000050 , -3.14018798
7.24000072 , -3.14682102
7.25000048 , -3.15455651
7.26000071 , -3.15703058
7.27000046 , -3.16093063
7.28000069 , -3.16770291
7.29000044 , -3.17164493
7.30000067 , -3.17885208
7.31000042 , -3.18538356
7.32000065 , -3.19195747
7.33000040 , -3.19049287
7.34000063 , -3.19673252
7.35000038 , -3.19452596
7.36000061 , -3.20375276
7.37000036 , -3.21719074
7.38000059 , -3.21794271
7.39000034 , -3.22890902
7.40000057 , -3.23386407
7.41000032 , -3.24694133
7.42000055 , -3.25159788
7.43000031 , -3.25744939
7.44000053 , -3.26925588
7.45000076 , -3.26925588
7.46000051 , -3.27401781
7.47000074 , -3.28240609
7.48000050 , -3.28723121
7.49000072 , -3.29370093
7.50000048 , -3.29776597
7.51000071 , -3.29491878
7.52000046 , -3.30102992
7.53000069 , -3.30635691
7.54000044 , -3.31171227
7.55000067 , -3.31709623
7.56000042 , -3.32418108
7.57000065 , -3.33638406
7.58000040 , -3.33426952
7.59000063 , -3.34531474
7.60000038 , -3.33935213
7.61000061 , -3.34020185
7.62000036 , -3.34659696
7.63000059 , -3.34616923
7.64000034 , -3.36298370
7.65000057 , -3.36298370
7.66000032 , -3.37567258
7.67000055 , -3.37699437
7.68000031 , -3.37655354
7.69000053 , -3.39031005
7.70000076 , -3.38986349
7.71000051 , -3.40561891
7.72000074 , -3.40834498
7.73000050 , -3.40425873
7.74000072 , -3.41473484
7.75000048 , -3.41427708
7.76000071 , -3.41932416
7.77000046 , -3.42903066
7.78000069 , -3.42671084
7.79000044 , -3.43228722
7.80000067 , -3.43368602
7.81000042 , -3.42763805
7.82000065 , -3.43275332
7.83000040 , -3.42903066
7.84000063 , -3.43135571
7.85000038 , -3.44024038
7.86000061 , -3.44259167
7.87000036 , -3.45729446
7.88000059 , -3.46931076
7.89000034 , -3.47173166
7.90000057 , -3.47659063
7.91000032 , -3.48343325
7.92000055 , -3.48687220
7.93000078 , -3.49626660
7.94000053 , -3.50024867
7.95000076 , -3.50675368
7.96000051 , -3.50977015
7.97000074 , -3.51330113
7.98000050 , -3.51380658
7.99000072 , -3.52550268
8.00000095 , -3.51938319
8.01000023 , -3.52857637
8.02000046 , -3.52755070
8.03000069 , -3.53217435
8.04000092 , -3.53681970
8.05000019 , -3.53165960
8.06000042 , -3.54460979
8.07000065 , -3.54408860
8.08000088 , -3.55036139
8.09000015 , -3.55456543
8.10000038 , -3.56675100
8.11000061 , -3.56462097
8.12000084 , -3.56249571
8.13000011 , -3.56941986
8.14000034 , -3.56408930
8.15000057 , -3.58178878
8.16000080 , -3.58449817
8.17000103 , -3.58178878
8.18000031 , -3.59925652
8.19000053 , -3.59650707
8.20000076 , -3.60588646
8.21000099 , -3.60588646
8.22000027 , -3.60755062
8.23000050 , -3.62830877
8.24000072 , -3.61759543
8.25000095 , -3.61759543
8.26000023 , -3.62096620
8.27000046 , -3.62209249
8.28000069 , -3.63856530
8.29000092 , -3.64143324
8.30000019 , -3.64200783
8.31000042 , -3.64430928
8.32000065 , -3.63913822
8.33000088 , -3.64315772
8.34000015 , -3.64661598
8.35000038 , -3.65066576
8.36000061 , -3.65706301
8.37000084 , -3.66644168
8.38000107 , -3.66644168
8.39000034 , -3.67650390
8.40000057 , -3.67709899
8.41000080 , -3.67531490
8.42000103 , -3.68426752
8.43000031 , -3.68127441
8.44000053 , -3.69451165
8.45000076 , -3.69148779
8.46000099 , -3.70363855
8.47000027 , -3.70731282
8.48000050 , -3.71038508
8.49000072 , -3.71408415
8.50000095 , -3.70976973
8.51000023 , -3.71532035
8.52000046 , -3.71408415
8.53000069 , -3.71470189
8.54000092 , -3.71593881
8.55000019 , -3.71161652
8.56000042 , -3.72152376
8.57000065 , -3.71038508
8.58000088 , -3.71717715
8.59000015 , -3.72214627
8.60000038 , -3.71346664
8.61000061 , -3.72339225
8.62000084 , -3.71593881
8.63000107 , -3.72401595
8.64000034 , -3.72276902
8.65000057 , -3.72839236
8.66000080 , -3.74100280
8.67000103 , -3.74227262
8.68000031 , -3.75441718
8.69000053 , -3.75248981
8.70000076 , -3.76281261
8.71000099 , -3.77127886
8.72000027 , -3.78179836
8.73000050 , -3.77652478
8.74000072 , -3.78510857
8.75000095 , -3.78113770
8.76000023 , -3.79376650
8.77000046 , -3.79778814
8.78000069 , -3.79242969
8.79000092 , -3.81745648
8.80000019 , -3.80452657
8.81000042 , -3.81951332
8.82000065 , -3.82363987
8.83000088 , -3.81951332
8.84000015 , -3.83891797
8.85000038 , -3.82916856
8.86000061 , -3.85088563
8.87000084 , -3.84805679
8.88000107 , -3.84664536
8.89000034 , -3.85728002
8.90000057 , -3.86515117
8.91000080 , -3.86515117
8.92000103 , -3.86587000
8.93000031 , -3.86947083
8.94000053 , -3.87019277
8.95000076 , -3.88620472
8.96000099 , -3.88987970
8.97000027 , -3.89061642
8.98000050 , -3.90098691
8.99000072 , -3.90098691
9.00000095 , -3.90471673
9.01000023 , -3.90771079
9.02000046 , -3.91599107
9.03000069 , -3.92053652
9.04000092 , -3.92434025
9.05000019 , -3.92053652
9.06000042 , -3.93045640
9.07000065 , -3.92739367
9.08000088 , -3.93661022
9.09000111 , -3.95608878
9.10000038 , -3.95059657
9.11000061 , -3.96716499
9.12000084 , -3.96716499
9.13000107 , -3.96478105
9.14000034 , -3.97115064
9.15000057 , -3.97354960
9.16000080 , -3.97756076
9.17000103 , -3.98320365
9.18000031 , -3.97595429
9.19000053 , -3.97997522
9.20000076 , -3.99622273
9.21000099 , -3.98320365
9.22000027 , -3.98969197
9.23000050 , -3.98158813
9.24000072 , -3.99050593
9.25000095 , -3.99786186
9.26000023 , -3.98887873
9.27000046 , -4.00858355
9.28000069 , -4.01691008
9.29000092 , -4.01942158
9.30000019 , -4.03207493
9.31000042 , -4.02783918
9.32000065 , -4.02530670
9.33000088 , -4.03718138
9.34000111 , -4.04059982
9.35000038 , -4.05613089
9.36000061 , -4.06662035
9.37000084 , -4.07899904
9.38000107 , -4.07014179
9.39000034 , -4.07722139
9.40000057 , -4.07988930
9.41000080 , -4.09243393
9.42000103 , -4.09423923
9.43000031 , -4.09514284
9.44000053 , -4.09785891
9.45000076 , -4.10422564
9.46000099 , -4.10696650
9.47000027 , -4.10422564
9.48000050 , -4.10696650
9.49000072 , -4.09423923
9.50000095 , -4.11339188
9.51000023 , -4.11523485
9.52000046 , -4.11523485
9.53000069 , -4.12823439
9.54000092 , -4.12171364
9.55000114 , -4.13856792
9.56000042 , -4.14615059
9.57000065 , -4.14710283
9.58000088 , -4.15667200
9.59000111 , -4.14900923
9.60000038 , -4.16149139
9.61000061 , -4.17120028
9.62000084 , -4.16342545
9.63000107 , -4.18297672
9.64000034 , -4.18891716
9.65000057 , -4.19589281
9.66000080 , -4.20191097
9.67000103 , -4.22121048
9.68000031 , -4.21916151
9.69000053 , -4.23048449
9.70000076 , -4.23984480
9.71000099 , -4.23880053
9.72000027 , -4.27710295
9.73000050 , -4.27277374
9.74000072 , -4.29240370
9.75000095 , -4.30906153
9.76000023 , -4.30459213
9.77000046 , -4.32486343
9.78000069 , -4.32032299
9.79000092 , -4.33976316
9.80000114 , -4.33745623
9.81000042 , -4.34787941
9.82000065 , -4.34787941
9.83000088 , -4.35371685
9.84000111 , -4.36312866
9.85000038 , -4.36194754
9.86000061 , -4.38584328
9.87000084 , -4.38705349
9.88000107 , -4.40168762
9.89000034 , -4.40045977
9.90000057 , -4.38826466
9.91000080 , -4.39923382
9.92000103 , -4.39923382
9.93000031 , -4.41653967
9.94000053 , -4.42153931
9.95000076 , -4.44179344
9.96000099 , -4.44820786
9.97000027 , -4.44307280
9.98000050 , -4.45207644
9.99000072 , -4.45207644
10.0000010 , -4.46770144
10.0100012 , -4.45985842
10.0200005 , -4.46377230
10.0300007 , -4.47296476
10.0400009 , -4.47296476
10.0500011 , -4.47296476
10.0600004 , -4.47560692
10.0700006 , -4.47296476
10.0800009 , -4.49429893
10.0900011 , -4.49970436
10.1000004 , -4.50377750
10.1100006 , -4.51609802
10.1200008 , -4.52023888
10.1300011 , -4.52996778
10.1400003 , -4.54829121
10.1500006 , -4.53838301
10.1600008 , -4.54829121
10.1700010 , -4.53979254
10.1800003 , -4.54971457
10.1900005 , -4.56840658
10.2000008 , -4.56117630
10.2100010 , -4.59935999
10.2200003 , -4.59786415
10.2300005 , -4.59935999
10.2400007 , -4.60235834
10.2500010 , -4.60085821
10.2600012 , -4.60536623
10.2700005 , -4.61596394
10.2800007 , -4.61292458
10.2900009 , -4.61444330
10.3000011 , -4.63906002
10.3100004 , -4.63594913
10.3200006 , -4.65002298
10.3300009 , -4.64530993
10.3400011 , -4.64061880
10.3500004 , -4.65792847
10.3600006 , -4.66110802
10.3700008 , -4.67554283
10.3800011 , -4.67554283
10.3900003 , -4.68855095
10.4000006 , -4.69018888
10.4100008 , -4.68855095
10.4200010 , -4.70173073
10.4300003 , -4.71173096
10.4400005 , -4.73717737
10.4500008 , -4.73032856
10.4600010 , -4.74234581
10.4700003 , -4.73889732
10.4800005 , -4.74754047
10.4900007 , -4.77036858
10.5000010 , -4.77571154
10.5100012 , -4.78287983
10.5200005 , -4.77214622
10.5300007 , -4.80102921
10.5400009 , -4.81022882
10.5500011 , -4.82700443
10.5600004 , -4.81578970
10.5700006 , -4.83265972
10.5800009 , -4.83265972
10.5900011 , -4.82138157
10.6000004 , -4.83644772
10.6100006 , -4.81393242
10.6200008 , -4.84406662
10.6300011 , -4.80838203
10.6400003 , -4.83455181
10.6500006 , -4.84981918
10.6600008 , -4.81578970
10.6700010 , -4.84981918
10.6800003 , -4.81951380
10.6900005 , -4.85560513
10.7000008 , -4.85948133
10.7100010 , -4.83834696
10.7200012 , -4.87908983
10.7300005 , -4.85560513
10.7400007 , -4.87120008
10.7500010 , -4.87908983
10.7600012 , -4.88504791
10.7700005 , -4.89909029
10.7800007 , -4.89304781
10.7900009 , -4.89104223
10.8000011 , -4.88504791
10.8100004 , -4.89909029
10.8200006 , -4.91538382
10.8300009 , -4.91743946
10.8400011 , -4.93403721
10.8500004 , -4.94455290
10.8600006 , -4.95091534
10.8700008 , -4.95091534
10.8800011 , -4.94455290
10.8900003 , -4.97896481
10.9000006 , -4.95091534
10.9100008 , -4.97242165
10.9200010 , -4.96161079
10.9300003 , -4.95946264
10.9400005 , -4.97242165
10.9500008 , -4.96161079
10.9600010 , -4.97896481
10.9700012 , -4.98335075
10.9800005 , -4.97459793
10.9900007 , -4.98996592
11.0000010 , -4.98555088
11.0100012 , -5.00108957
11.0200005 , -5.00332928
11.0300007 , -4.98335075
11.0400009 , -5.00332928
11.0500011 , -4.99885511
11.0600004 , -4.99885511
11.0700006 , -5.02371502
11.0800009 , -4.99218082
11.0900011 , -4.99885511
11.1000004 , -5.01233816
11.1100006 , -4.99885511
11.1200008 , -5.02142906
11.1300011 , -5.01460314
11.1400003 , -5.01914883
11.1500006 , -5.00557375
11.1600008 , -5.00332928
11.1700010 , -5.00557375
11.1800013 , -4.99885511
11.1900005 , -5.00332928
11.2000008 , -5.01687336
11.2100010 , -5.05155897
11.2200012 , -5.05864286
11.2300005 , -5.06577730
11.2400007 , -5.07778215
11.2500010 , -5.09483480
11.2600012 , -5.10471153
11.2700005 , -5.10223341
11.2800007 , -5.11719608
11.2900009 , -5.10471153
11.3000011 , -5.11971188
11.3100004 , -5.13238621
11.3200006 , -5.15300560
11.3300009 , -5.15300560
11.3400011 , -5.13750124
11.3500004 , -5.16084862
11.3600006 , -5.12729740
11.3700008 , -5.16084862
11.3800011 , -5.17140293
11.3900003 , -5.16084862
11.4000006 , -5.20649433
11.4100008 , -5.16084862
11.4200010 , -5.19014502
11.4300013 , -5.17672205
11.4400005 , -5.16611195
11.4500008 , -5.16875410
11.4600010 , -5.14264297
11.4700012 , -5.16611195
11.4800005 , -5.14006853
11.4900007 , -5.13238621
11.5000010 , -5.15040493
11.5100012 , -5.12729740
11.5200005 , -5.16347694
11.5300007 , -5.14522362
11.5400009 , -5.14781094
11.5500011 , -5.16084862
11.5600004 , -5.15300560
11.5700006 , -5.16875410
11.5800009 , -5.13494062
11.5900011 , -5.16084862
11.6000004 , -5.17405891
11.6100006 , -5.14781094
11.6200008 , -5.15300560
11.6300011 , -5.12223387
11.6400013 , -5.12729740
11.6500006 , -5.11971188
11.6600008 , -5.11468649
11.6700010 , -5.14006853
11.6800013 , -5.11971188
11.6900005 , -5.13750124
11.7000008 , -5.14522362
11.7100010 , -5.14522362
11.7200012 , -5.15561295
11.7300005 , -5.15822744
11.7400007 , -5.15040493
11.7500010 , -5.18744612
11.7600012 , -5.17405891
11.7700005 , -5.17939234
11.7800007 , -5.15822744
11.7900009 , -5.16347694
11.8000011 , -5.17405891
11.8100004 , -5.17405891
11.8200006 , -5.16875410
11.8300009 , -5.14522362
11.8400011 , -5.15561295
11.8500004 , -5.12983847
11.8600006 , -5.18475437
11.8700008 , -5.18744612
11.8800011 , -5.22591209
11.8900013 , -5.21754408
11.9000006 , -5.18475437
11.9100008 , -5.24001694
11.9200010 , -5.19014502
11.9300013 , -5.21200371
11.9400005 , -5.19556522
11.9500008 , -5.19828606
11.9600010 , -5.25144577
11.9700012 , -5.20924520
11.9800005 , -5.23435116
11.9900007 , -5.23153019
12.0000010 , -5.23718023
12.0100012 , -5.23435116
12.0200005 , -5.25432348
12.0300007 , -5.25720930
12.0400009 , -5.28653669
12.0500011 , -5.26883745
12.0600004 , -5.27176571
12.0700006 , -5.29550552
12.0800009 , -5.27764797
12.0900011 , -5.29550552
12.1000004 , -5.28356504
12.1100006 , -5.28060246
12.1200008 , -5.31368780
12.1300011 , -5.27470255
12.1400013 , -5.27764797
12.1500006 , -5.26883745
12.1600008 , -5.28060246
12.1700010 , -5.29250717
12.1800013 , -5.27470255
12.1900005 , -5.27176571
12.2000008 , -5.29250717
12.2100010 , -5.26300621
12.2200012 , -5.28060246
12.2300005 , -5.26300621
12.2400007 , -5.23718023
12.2500010 , -5.27470255
12.2600012 , -5.22871733
12.2700005 , -5.26591778
12.2800007 , -5.26591778
12.2900009 , -5.24001694
12.3000011 , -5.27470255
12.3100004 , -5.26010370
12.3200006 , -5.28951740
12.3300009 , -5.26883745
12.3400011 , -5.26010370
