0.00000000 , -Infinity
1.00000007E-02 , -2.70746565
2.00000014E-02 , -2.35434389
3.00000012E-02 , -2.21895289
4.00000028E-02 , -2.17013311
5.00000045E-02 , -2.14055467
6.00000024E-02 , -2.12030578
7.00000077E-02 , -2.08135581
8.00000057E-02 , -2.04440141
9.00000036E-02 , -2.00723100
0.100000009 , -1.98229146
0.110000007 , -1.96079099
0.120000005 , -1.94149470
0.130000010 , -1.92799950
0.140000015 , -1.91914403
0.150000006 , -1.90470839
0.160000011 , -1.89773428
0.170000017 , -1.88162112
0.180000007 , -1.87146640
0.190000013 , -1.86407566
0.200000018 , -1.86219966
0.210000008 , -1.85316527
0.220000014 , -1.84386611
0.230000019 , -1.82998013
0.240000010 , -1.82285106
0.250000030 , -1.81412661
0.260000020 , -1.80846095
0.270000011 , -1.80269170
0.280000031 , -1.79972565
0.290000021 , -1.79181314
0.300000012 , -1.78382647
0.310000032 , -1.77842724
0.320000023 , -1.77242064
0.330000013 , -1.76977229
0.340000033 , -1.76631248
0.350000024 , -1.76154816
0.360000014 , -1.76060247
0.370000035 , -1.75623143
0.380000025 , -1.75014174
0.390000015 , -1.74451423
0.400000036 , -1.74074948
0.410000026 , -1.73791206
0.420000017 , -1.73306799
0.430000037 , -1.72818184
0.440000027 , -1.72331476
0.450000018 , -1.71852601
0.460000038 , -1.71345592
0.470000029 , -1.70846605
0.480000019 , -1.70521760
0.490000039 , -1.70173872
0.500000060 , -1.70010126
0.510000050 , -1.69545519
0.520000041 , -1.69194150
0.530000031 , -1.68656385
0.540000021 , -1.68540680
0.550000012 , -1.68518507
0.560000062 , -1.68274403
0.570000052 , -1.67809689
0.580000043 , -1.67427588
0.590000033 , -1.66954398
0.600000024 , -1.66459918
0.610000014 , -1.66075957
0.620000064 , -1.65898597
0.630000055 , -1.65567422
0.640000045 , -1.64908004
0.650000036 , -1.64432442
0.660000026 , -1.64488018
0.670000076 , -1.64566147
0.680000067 , -1.64220965
0.690000057 , -1.63983381
0.700000048 , -1.63549733
0.710000038 , -1.63430691
0.720000029 , -1.63266873
0.730000079 , -1.63153493
0.740000069 , -1.62716568
0.750000060 , -1.62542224
0.760000050 , -1.62295711
0.770000041 , -1.62432659
0.780000031 , -1.61881340
0.790000081 , -1.61525357
0.800000072 , -1.61197782
0.810000062 , -1.61085176
0.820000052 , -1.60566747
0.830000043 , -1.60646021
0.840000033 , -1.60303760
0.850000083 , -1.59967828
0.860000074 , -1.59676099
0.870000064 , -1.59216976
0.880000055 , -1.59088910
0.890000045 , -1.58966303
0.900000036 , -1.58660150
0.910000086 , -1.58537722
0.920000076 , -1.58280802
0.930000067 , -1.58024204
0.940000057 , -1.57767999
0.950000048 , -1.57208002
0.960000038 , -1.57176828
0.970000088 , -1.57225597
0.980000079 , -1.57093012
0.990000069 , -1.56784892
1.00000012 , -1.56350112
1.01000011 , -1.56075299
1.02000010 , -1.55864143
1.03000009 , -1.55568957
1.04000008 , -1.55489957
1.05000007 , -1.55169129
1.06000006 , -1.54655480
1.07000005 , -1.54305351
1.08000004 , -1.54247320
1.09000003 , -1.54204845
1.10000002 , -1.53975022
1.11000013 , -1.53719461
1.12000012 , -1.53278041
1.13000011 , -1.53623939
1.14000010 , -1.53425658
1.15000010 , -1.53232813
1.16000009 , -1.52962649
1.17000008 , -1.52811480
1.18000007 , -1.52469826
1.19000006 , -1.52396131
1.20000005 , -1.52132297
1.21000004 , -1.52032936
1.22000003 , -1.51738858
1.23000014 , -1.51736760
1.24000013 , -1.51489079
1.25000012 , -1.51599467
1.26000011 , -1.51433551
1.27000010 , -1.51211584
1.28000009 , -1.51030636
1.29000008 , -1.50778592
1.30000007 , -1.50567555
1.31000006 , -1.50625885
1.32000005 , -1.50740314
1.33000004 , -1.50691831
1.34000015 , -1.50628066
1.35000014 , -1.50117099
1.36000013 , -1.50027978
1.37000012 , -1.49832475
1.38000011 , -1.49566448
1.39000010 , -1.49134660
1.40000010 , -1.48769343
1.41000009 , -1.48866224
1.42000008 , -1.48862696
1.43000007 , -1.48763609
1.44000006 , -1.48759961
1.45000005 , -1.48600602
1.46000016 , -1.48461366
1.47000015 , -1.48161805
1.48000014 , -1.48057902
1.49000013 , -1.47604501
1.50000012 , -1.47829843
1.51000011 , -1.47810781
1.52000010 , -1.47751665
1.53000009 , -1.47562718
1.54000008 , -1.47239375
1.55000007 , -1.47040999
1.56000006 , -1.46942019
1.57000005 , -1.46733892
1.58000016 , -1.46694458
1.59000015 , -1.46526146
1.60000014 , -1.46516407
1.61000013 , -1.46105742
1.62000012 , -1.45725870
1.63000011 , -1.45376444
1.64000010 , -1.45302379
1.65000010 , -1.45218444
1.66000009 , -1.45002103
1.67000008 , -1.44707823
1.68000007 , -1.44501877
1.69000018 , -1.44447243
1.70000017 , -1.44314539
1.71000016 , -1.44259906
1.72000015 , -1.43947148
1.73000014 , -1.43673742
1.74000013 , -1.43653023
1.75000012 , -1.43748808
1.76000011 , -1.43878901
1.77000010 , -1.43921554
1.78000009 , -1.43482268
1.79000008 , -1.43291461
1.80000007 , -1.43236542
1.81000018 , -1.43268919
1.82000017 , -1.43194485
1.83000016 , -1.43023062
1.84000015 , -1.42958319
1.85000014 , -1.43068182
1.86000013 , -1.42993653
1.87000012 , -1.43030822
1.88000011 , -1.42737794
1.89000010 , -1.42503428
1.90000010 , -1.42346632
1.91000009 , -1.42397726
1.92000008 , -1.42361808
1.93000019 , -1.42306483
1.94000018 , -1.42231786
1.95000017 , -1.41973329
1.96000016 , -1.41806912
1.97000015 , -1.41582799
1.98000014 , -1.41305995
1.99000013 , -1.41188085
2.00000024 , -1.41190183
2.01000023 , -1.41038561
2.02000022 , -1.40954161
2.03000021 , -1.40888906
2.04000020 , -1.41121578
2.05000019 , -1.40849555
2.06000018 , -1.40813041
2.07000017 , -1.40757322
2.08000016 , -1.40855300
2.09000015 , -1.40660083
2.10000014 , -1.40628207
2.11000013 , -1.40726280
2.12000012 , -1.40752208
2.13000011 , -1.40691411
2.14000010 , -1.40698087
2.15000010 , -1.40791535
2.16000009 , -1.40721023
2.17000008 , -1.40486610
2.18000007 , -1.40343845
2.19000006 , -1.40350246
2.20000005 , -1.40072846
2.21000004 , -1.39642572
2.22000027 , -1.39725173
2.23000026 , -1.39640260
2.24000025 , -1.39473796
2.25000024 , -1.39460588
2.26000023 , -1.39428127
2.27000022 , -1.39113414
2.28000021 , -1.38961494
2.29000020 , -1.38909805
2.30000019 , -1.39030111
2.31000018 , -1.38763356
2.32000017 , -1.38478100
2.33000016 , -1.38464355
2.34000015 , -1.38493490
2.35000014 , -1.38075244
2.36000013 , -1.37947392
2.37000012 , -1.37824225
2.38000011 , -1.37724817
2.39000010 , -1.37573230
2.40000010 , -1.37568557
2.41000009 , -1.37492800
2.42000008 , -1.37298560
2.43000007 , -1.37170732
2.44000006 , -1.37142169
2.45000029 , -1.37066269
2.46000028 , -1.36716497
2.47000027 , -1.36419308
2.48000026 , -1.36517572
2.49000025 , -1.36554730
2.50000024 , -1.36511791
2.51000023 , -1.36266124
2.52000022 , -1.36274862
2.53000021 , -1.36231804
2.54000020 , -1.36179256
2.55000019 , -1.36405015
2.56000018 , -1.36121190
2.57000017 , -1.35964894
2.58000016 , -1.35686374
2.59000015 , -1.35544443
2.60000014 , -1.35717237
2.61000013 , -1.35612762
2.62000012 , -1.35588157
2.63000011 , -1.35417759
2.64000010 , -1.34975576
2.65000010 , -1.35011590
2.66000009 , -1.35061741
2.67000008 , -1.34868157
2.68000031 , -1.35054326
2.69000030 , -1.34837008
2.70000029 , -1.34788620
2.71000028 , -1.34918535
2.72000027 , -1.34705746
2.73000026 , -1.34446394
2.74000025 , -1.34369755
2.75000024 , -1.34367955
2.76000023 , -1.34319353
2.77000022 , -1.34223819
2.78000021 , -1.34165788
2.79000020 , -1.34098315
2.80000019 , -1.33965325
2.81000018 , -1.33944595
2.82000017 , -1.33820951
2.83000016 , -1.33477867
2.84000015 , -1.33321679
2.85000014 , -1.33305323
2.86000013 , -1.33261013
2.87000012 , -1.33137405
2.88000011 , -1.33074355
2.89000010 , -1.32899511
2.90000010 , -1.32808518
2.91000032 , -1.32615221
2.92000031 , -1.32449913
2.93000031 , -1.32280040
2.94000030 , -1.32142687
2.95000029 , -1.31843603
2.96000028 , -1.31803370
2.97000027 , -1.31957412
2.98000026 , -1.31907976
2.99000025 , -1.31960416
3.00000024 , -1.31707036
3.01000023 , -1.31740808
3.02000022 , -1.31529176
3.03000021 , -1.31567407
3.04000020 , -1.31235754
3.05000019 , -1.31366193
3.06000018 , -1.31418264
3.07000017 , -1.31271291
3.08000016 , -1.31277013
3.09000015 , -1.31130004
3.10000014 , -1.30987620
3.11000013 , -1.31076396
3.12000012 , -1.31165421
3.13000011 , -1.31198847
3.14000010 , -1.31223106
3.15000033 , -1.30945790
3.16000032 , -1.30826223
3.17000031 , -1.30803883
3.18000031 , -1.30707419
3.19000030 , -1.30527580
3.20000029 , -1.30287910
3.21000028 , -1.30020845
3.22000027 , -1.29970443
3.23000026 , -1.30062985
3.24000025 , -1.29828143
3.25000024 , -1.29616594
3.26000023 , -1.29612088
3.27000022 , -1.29722750
3.28000021 , -1.29755211
3.29000020 , -1.29764569
3.30000019 , -1.29773974
3.31000018 , -1.29829669
3.32000017 , -1.29848433
3.33000016 , -1.29927421
3.34000015 , -1.29899883
3.35000014 , -1.29779565
3.36000013 , -1.29738033
3.37000012 , -1.29687154
3.38000035 , -1.29701221
3.39000034 , -1.29682779
3.40000033 , -1.29270482
3.41000032 , -1.29117811
3.42000031 , -1.28992832
3.43000031 , -1.28900170
3.44000030 , -1.28913653
3.45000029 , -1.29070592
3.46000028 , -1.28940725
3.47000027 , -1.28723109
3.48000026 , -1.28685689
3.49000025 , -1.28916621
3.50000024 , -1.29027593
3.51000023 , -1.28786099
3.52000022 , -1.28757942
3.53000021 , -1.28692579
3.54000020 , -1.28543854
3.55000019 , -1.28432155
3.56000018 , -1.28394473
3.57000017 , -1.28250360
3.58000016 , -1.28207982
3.59000015 , -1.28012967
3.60000014 , -1.27998257
3.61000037 , -1.27946472
3.62000036 , -1.28014958
3.63000035 , -1.27935362
3.64000034 , -1.27800250
3.65000033 , -1.27655935
3.66000032 , -1.27761185
3.67000031 , -1.27806520
3.68000031 , -1.27717412
3.69000030 , -1.27799797
3.70000029 , -1.27682865
3.71000028 , -1.27417719
3.72000027 , -1.27407193
3.73000026 , -1.27489388
3.74000025 , -1.27437139
3.75000024 , -1.27241290
3.76000023 , -1.26934683
3.77000022 , -1.26997852
3.78000021 , -1.27028751
3.79000020 , -1.27017999
3.80000019 , -1.26752746
3.81000018 , -1.26764941
3.82000017 , -1.26721692
3.83000016 , -1.26599753
3.84000015 , -1.26593351
3.85000038 , -1.26725924
3.86000037 , -1.26571310
3.87000036 , -1.26435304
3.88000035 , -1.26327014
3.89000034 , -1.26450098
3.90000033 , -1.26684952
3.91000032 , -1.26622856
3.92000031 , -1.26565337
3.93000031 , -1.26447344
3.94000030 , -1.26487327
3.95000029 , -1.26313543
3.96000028 , -1.26306963
3.97000027 , -1.26458561
3.98000026 , -1.26307666
3.99000025 , -1.26417553
4.00000048 , -1.26471686
4.01000023 , -1.26493168
4.02000046 , -1.26453936
4.03000021 , -1.26274645
4.04000044 , -1.26263344
4.05000019 , -1.26214671
4.06000042 , -1.26095939
4.07000017 , -1.26224661
4.08000040 , -1.25970399
4.09000015 , -1.26028979
4.10000038 , -1.25877357
4.11000013 , -1.25763083
4.12000036 , -1.25704849
4.13000011 , -1.25697815
4.14000034 , -1.25849748
4.15000010 , -1.25791311
4.16000032 , -1.25859296
4.17000008 , -1.25894582
4.18000031 , -1.25939274
4.19000053 , -1.25730646
4.20000029 , -1.25522172
4.21000051 , -1.25416768
4.22000027 , -1.25503230
4.23000050 , -1.25524187
4.24000025 , -1.25493598
4.25000048 , -1.25247335
4.26000023 , -1.25272882
4.27000046 , -1.25190580
4.28000021 , -1.25098860
4.29000044 , -1.25100863
4.30000019 , -1.25281155
4.31000042 , -1.25240970
4.32000017 , -1.24998796
4.33000040 , -1.24972534
4.34000015 , -1.25073063
4.35000038 , -1.25004518
4.36000013 , -1.24879515
4.37000036 , -1.24890733
4.38000011 , -1.24793816
4.39000034 , -1.24936795
4.40000010 , -1.25098991
4.41000032 , -1.25134039
4.42000008 , -1.25159693
4.43000031 , -1.25237453
4.44000053 , -1.25282168
4.45000029 , -1.25099456
4.46000051 , -1.24959385
4.47000027 , -1.24833524
4.48000050 , -1.24986839
4.49000025 , -1.24927151
4.50000048 , -1.25004900
4.51000023 , -1.24802887
4.52000046 , -1.24795210
4.53000021 , -1.24678385
4.54000044 , -1.24756026
4.55000019 , -1.24539554
4.56000042 , -1.24569631
4.57000017 , -1.24718535
4.58000040 , -1.24648988
4.59000015 , -1.24436843
4.60000038 , -1.24153829
4.61000013 , -1.23880672
4.62000036 , -1.24071229
4.63000011 , -1.24229169
4.64000034 , -1.24244857
4.65000010 , -1.24241567
4.66000032 , -1.24162042
4.67000055 , -1.24049377
4.68000031 , -1.24307835
4.69000053 , -1.24056697
4.70000029 , -1.24148583
4.71000051 , -1.24030793
4.72000027 , -1.24060726
4.73000050 , -1.24253082
4.74000025 , -1.24106336
4.75000048 , -1.23997819
4.76000023 , -1.23812854
4.77000046 , -1.23775887
4.78000021 , -1.23714972
4.79000044 , -1.23730373
4.80000019 , -1.23459482
4.81000042 , -1.23198497
4.82000017 , -1.23375487
4.83000040 , -1.23495722
4.84000015 , -1.23549235
4.85000038 , -1.23641193
4.86000013 , -1.23465061
4.87000036 , -1.23279417
4.88000011 , -1.23385513
4.89000034 , -1.23530197
4.90000057 , -1.23641670
4.91000032 , -1.23445761
4.92000055 , -1.23317099
4.93000031 , -1.23169255
4.94000053 , -1.22911334
4.95000029 , -1.22935843
4.96000051 , -1.22835851
4.97000027 , -1.22735870
4.98000050 , -1.22497237
4.99000025 , -1.22397172
5.00000048 , -1.22196949
5.01000023 , -1.22325933
5.02000046 , -1.22326100
5.03000021 , -1.22240233
5.04000044 , -1.22163808
5.05000019 , -1.22159111
5.06000042 , -1.22240603
5.07000017 , -1.22144890
5.08000040 , -1.22015655
5.09000015 , -1.21881640
5.10000038 , -1.21991658
5.11000013 , -1.21895766
5.12000036 , -1.21823812
5.13000059 , -1.21785331
5.14000034 , -1.21502697
5.15000057 , -1.21497560
5.16000032 , -1.21746361
5.17000055 , -1.21755767
5.18000031 , -1.21688282
5.19000053 , -1.21856415
5.20000029 , -1.21914077
5.21000051 , -1.21793473
5.22000027 , -1.21696925
5.23000050 , -1.21788275
5.24000025 , -1.21797764
5.25000048 , -1.21812046
5.26000023 , -1.21961868
5.27000046 , -1.21840715
5.28000021 , -1.21777701
5.29000044 , -1.21719432
5.30000019 , -1.21694982
5.31000042 , -1.21626890
5.32000017 , -1.21418488
5.33000040 , -1.21215069
5.34000015 , -1.21224177
5.35000038 , -1.21199429
5.36000061 , -1.21237588
5.37000036 , -1.21270907
5.38000059 , -1.21149266
5.39000034 , -1.21298969
5.40000057 , -1.21148026
5.41000032 , -1.21142554
5.42000055 , -1.20991564
5.43000031 , -1.21068442
5.44000053 , -1.21155274
5.45000029 , -1.21247113
5.46000051 , -1.21344090
5.47000027 , -1.21309388
5.48000050 , -1.21343076
5.49000025 , -1.21450198
5.50000048 , -1.21454680
5.51000023 , -1.21341574
5.52000046 , -1.21277487
5.53000021 , -1.21473050
5.54000044 , -1.21507025
5.55000019 , -1.21659148
5.56000042 , -1.21521020
5.57000017 , -1.21432066
5.58000040 , -1.21554756
5.59000063 , -1.21460748
5.60000038 , -1.21322370
5.61000061 , -1.21474719
5.62000036 , -1.21429861
5.63000059 , -1.21266592
5.64000034 , -1.21513093
5.65000057 , -1.21344531
5.66000032 , -1.21353948
5.67000055 , -1.21298993
5.68000031 , -1.21382666
5.69000053 , -1.21416879
5.70000029 , -1.21391642
5.71000051 , -1.21435857
5.72000027 , -1.21455300
5.73000050 , -1.21524549
5.74000025 , -1.21509242
5.75000048 , -1.21533775
5.76000023 , -1.21668267
5.77000046 , -1.21707940
5.78000021 , -1.21822917
5.79000044 , -1.21652389
5.80000019 , -1.21622074
5.81000042 , -1.21621752
5.82000065 , -1.21656549
5.83000040 , -1.21746695
5.84000063 , -1.21681154
5.85000038 , -1.21615469
5.86000061 , -1.21564913
5.87000036 , -1.21760941
5.88000059 , -1.21644747
5.89000034 , -1.21715117
5.90000057 , -1.21750188
5.91000032 , -1.21643913
5.92000055 , -1.21593070
5.93000031 , -1.21607935
5.94000053 , -1.21562099
5.95000029 , -1.21425271
5.96000051 , -1.21419764
5.97000027 , -1.21409202
5.98000050 , -1.21241796
5.99000025 , -1.21352601
6.00000048 , -1.21281111
6.01000023 , -1.21458066
6.02000046 , -1.21432257
6.03000021 , -1.21477568
6.04000044 , -1.21436465
6.05000019 , -1.21624434
6.06000042 , -1.21813095
6.07000065 , -1.21715772
6.08000040 , -1.21971512
6.09000063 , -1.22079253
6.10000038 , -1.21786761
6.11000061 , -1.21925128
6.12000036 , -1.21945632
6.13000059 , -1.21601474
6.14000034 , -1.21631896
6.15000057 , -1.21621346
6.16000032 , -1.21538806
6.17000055 , -1.21615541
6.18000031 , -1.21615231
6.19000053 , -1.21563423
6.20000029 , -1.21311021
6.21000051 , -1.21356785
6.22000027 , -1.21325350
6.23000050 , -1.21288800
6.24000025 , -1.21406817
6.25000048 , -1.21287715
6.26000023 , -1.21307790
6.27000046 , -1.21183407
6.28000021 , -1.21255028
6.29000044 , -1.21300983
6.30000067 , -1.21305561
6.31000042 , -1.21222246
6.32000065 , -1.21102571
6.33000040 , -1.21205437
6.34000063 , -1.21464348
6.35000038 , -1.21562827
6.36000061 , -1.21255481
6.37000036 , -1.21218562
6.38000059 , -1.21280336
6.39000034 , -1.21368384
6.40000057 , -1.21409607
6.41000032 , -1.21273410
6.42000055 , -1.21033096
6.43000031 , -1.20985448
6.44000053 , -1.20818031
6.45000029 , -1.20780694
6.46000051 , -1.20634043
6.47000027 , -1.20794523
6.48000050 , -1.20819616
6.49000025 , -1.20808268
6.50000048 , -1.20812559
6.51000023 , -1.20816863
6.52000046 , -1.20941591
6.53000069 , -1.20705128
6.54000044 , -1.20971525
6.55000067 , -1.21038985
6.56000042 , -1.20801783
6.57000065 , -1.20827138
6.58000040 , -1.20863032
6.59000063 , -1.20935845
6.60000038 , -1.20971918
6.61000061 , -1.20918405
6.62000036 , -1.20685554
6.63000059 , -1.20811093
6.64000034 , -1.20783758
6.65000057 , -1.20798671
6.66000032 , -1.20855904
6.67000055 , -1.20532548
6.68000031 , -1.20336235
6.69000053 , -1.20155752
6.70000029 , -1.20149040
6.71000051 , -1.20216155
6.72000027 , -1.20140922
6.73000050 , -1.19791603
6.74000025 , -1.19768822
6.75000048 , -1.19756603
6.76000071 , -1.20050538
6.77000046 , -1.20054340
6.78000069 , -1.20233047
6.79000044 , -1.20109630
6.80000067 , -1.20134711
6.81000042 , -1.20197022
6.82000065 , -1.20360684
6.83000040 , -1.20183611
6.84000063 , -1.19964027
6.85000038 , -1.19866717
6.86000061 , -1.19987500
6.87000036 , -1.20012569
6.88000059 , -1.19877779
6.89000034 , -1.19940090
6.90000057 , -1.19927847
6.91000032 , -1.19968987
6.92000055 , -1.19913912
6.93000031 , -1.19944406
6.94000053 , -1.20044577
6.95000029 , -1.19898355
6.96000051 , -1.19800282
6.97000027 , -1.19445467
6.98000050 , -1.19432795
6.99000072 , -1.19484258
7.00000048 , -1.19423449
7.01000071 , -1.19410729
7.02000046 , -1.19403338
7.03000069 , -1.19481802
7.04000044 , -1.19517469
7.05000067 , -1.19483268
7.06000042 , -1.19416761
7.07000065 , -1.19446981
7.08000040 , -1.19552815
7.09000063 , -1.19653440
7.10000038 , -1.19759798
7.11000061 , -1.19644356
7.12000036 , -1.19485700
7.13000059 , -1.19229746
7.14000034 , -1.19276190
7.15000057 , -1.19257867
7.16000032 , -1.19212437
7.17000055 , -1.19194007
7.18000031 , -1.19078183
7.19000053 , -1.19157088
7.20000029 , -1.18949103
7.21000051 , -1.18952107
7.22000074 , -1.19134140
7.23000050 , -1.19169950
7.24000072 , -1.19037235
7.25000048 , -1.19105601
7.26000071 , -1.19016230
7.27000046 , -1.18894219
7.28000069 , -1.19066012
7.29000044 , -1.19074667
7.30000067 , -1.18995869
7.31000042 , -1.18949842
7.32000065 , -1.19045758
7.33000040 , -1.19037974
7.34000063 , -1.19079423
7.35000038 , -1.19088042
7.36000061 , -1.19135106
7.37000036 , -1.19012082
7.38000059 , -1.18965781
7.39000034 , -1.18946886
7.40000057 , -1.19004941
7.41000032 , -1.19074118
7.42000055 , -1.18928564
7.43000031 , -1.18876588
7.44000053 , -1.18653977
7.45000076 , -1.18777895
7.46000051 , -1.18802893
7.47000074 , -1.18783796
7.48000050 , -1.18709481
7.49000072 , -1.18690300
7.50000048 , -1.18936539
7.51000071 , -1.18801153
7.52000046 , -1.18687892
7.53000069 , -1.18519139
7.54000044 , -1.18499780
7.55000067 , -1.18331039
7.56000042 , -1.18444288
7.57000065 , -1.18325138
7.58000040 , -1.18261242
7.59000063 , -1.18136442
7.60000038 , -1.18017077
7.61000061 , -1.18091428
7.62000036 , -1.18082762
7.63000059 , -1.17763793
7.64000034 , -1.17572403
7.65000057 , -1.17685032
7.66000032 , -1.17581844
7.67000055 , -1.17733514
7.68000031 , -1.17519379
7.69000053 , -1.17410445
7.70000076 , -1.17318046
7.71000051 , -1.17397499
7.72000074 , -1.17277217
7.73000050 , -1.17256844
7.74000072 , -1.17191923
7.75000048 , -1.17282474
7.76000071 , -1.17351043
7.77000046 , -1.17324984
7.78000069 , -1.17265511
7.79000044 , -1.17127895
7.80000067 , -1.17252231
7.81000042 , -1.17309833
7.82000065 , -1.17283630
7.83000040 , -1.17173576
7.84000063 , -1.16940570
7.85000038 , -1.17037082
7.86000061 , -1.17201042
7.87000036 , -1.17107415
7.88000059 , -1.17109036
7.89000034 , -1.16919923
7.90000057 , -1.16882181
7.91000032 , -1.17198312
7.92000055 , -1.17386055
7.93000078 , -1.17478323
7.94000053 , -1.17248583
7.95000076 , -1.17176878
7.96000051 , -1.17082560
7.97000074 , -1.16931772
7.98000050 , -1.17057562
7.99000072 , -1.16776681
8.00000095 , -1.16970181
8.01000023 , -1.16892457
8.02000046 , -1.16882622
8.03000069 , -1.16901088
8.04000092 , -1.16840160
8.05000019 , -1.16722524
8.06000042 , -1.16933918
8.07000065 , -1.17117560
8.08000088 , -1.17113519
8.09000015 , -1.16995394
8.10000038 , -1.16683638
8.11000061 , -1.16741836
8.12000084 , -1.16754544
8.13000011 , -1.16830158
8.14000034 , -1.16757333
8.15000057 , -1.16672981
8.16000080 , -1.16662824
8.17000103 , -1.16784322
8.18000031 , -1.16797173
8.19000053 , -1.16873169
8.20000076 , -1.16909111
8.21000099 , -1.16766870
8.22000027 , -1.16618824
8.23000050 , -1.16516638
8.24000072 , -1.16673100
8.25000095 , -1.16455758
8.26000023 , -1.16514421
8.27000046 , -1.16515589
8.28000069 , -1.16251862
8.29000092 , -1.16316164
8.30000019 , -1.16392076
8.31000042 , -1.16231632
8.32000065 , -1.16117179
8.33000088 , -1.16169989
8.34000015 , -1.16159272
8.35000038 , -1.16351092
8.36000061 , -1.16265190
8.37000084 , -1.16173470
8.38000107 , -1.15994811
8.39000034 , -1.16215849
8.40000057 , -1.16118050
8.41000080 , -1.16055024
8.42000103 , -1.16009319
8.43000031 , -1.16079843
8.44000053 , -1.15987539
8.45000076 , -1.16133857
8.46000099 , -1.16274846
8.47000027 , -1.16164792
8.48000050 , -1.16130602
8.49000072 , -1.16318774
8.50000095 , -1.16167414
8.51000023 , -1.16221070
8.52000046 , -1.16180909
8.53000069 , -1.16117251
8.54000092 , -1.16188586
8.55000019 , -1.16101289
8.56000042 , -1.16131485
8.57000065 , -1.16155934
8.58000088 , -1.16086090
8.59000015 , -1.16145885
8.60000038 , -1.16164470
8.61000061 , -1.15994036
8.62000084 , -1.16136682
8.63000107 , -1.16344988
8.64000034 , -1.16452968
8.65000057 , -1.16489828
8.66000080 , -1.16330302
8.67000103 , -1.16474330
8.68000031 , -1.16493392
8.69000053 , -1.16602206
8.70000076 , -1.16549599
8.71000099 , -1.16317594
8.72000027 , -1.16438258
8.73000050 , -1.16176140
8.74000072 , -1.16254830
8.75000095 , -1.16327715
8.76000023 , -1.16334748
8.77000046 , -1.16101837
8.78000069 , -1.16270757
8.79000092 , -1.16199636
8.80000019 , -1.16002285
8.81000042 , -1.16003060
8.82000065 , -1.16087997
8.83000088 , -1.15866220
8.84000015 , -1.15770626
8.85000038 , -1.15837371
8.86000061 , -1.15928423
8.87000084 , -1.15844667
8.88000107 , -1.15778840
8.89000034 , -1.15803576
8.90000057 , -1.15882766
8.91000080 , -1.15877366
8.92000103 , -1.15938675
8.93000031 , -1.15672648
8.94000053 , -1.15770137
8.95000076 , -1.15649307
8.96000099 , -1.15674055
8.97000027 , -1.15814364
8.98000050 , -1.15644610
8.99000072 , -1.15517342
9.00000095 , -1.15475082
9.01000023 , -1.15317297
9.02000046 , -1.15408695
9.03000069 , -1.15299296
9.04000092 , -1.15226388
9.05000019 , -1.15092528
9.06000042 , -1.15135062
9.07000065 , -1.15269315
9.08000088 , -1.15747249
9.09000111 , -1.15680242
9.10000038 , -1.15600765
9.11000061 , -1.15484405
9.12000084 , -1.15453982
9.13000107 , -1.15355873
9.14000034 , -1.15263855
9.15000057 , -1.15227079
9.16000080 , -1.15301013
9.17000103 , -1.15541828
9.18000031 , -1.15474212
9.19000053 , -1.15350842
9.20000076 , -1.15350986
9.21000099 , -1.15171814
9.22000027 , -1.15363765
9.23000050 , -1.15394950
9.24000072 , -1.15103710
9.25000095 , -1.15240097
9.26000023 , -1.15271246
9.27000046 , -1.15221632
9.28000069 , -1.15103483
9.29000092 , -1.14966667
9.30000019 , -1.14854610
9.31000042 , -1.14885402
9.32000065 , -1.14698565
9.33000088 , -1.14772809
9.34000111 , -1.14585721
9.35000038 , -1.14554083
9.36000061 , -1.14734256
9.37000084 , -1.14871371
9.38000107 , -1.14739740
9.39000034 , -1.14526856
9.40000057 , -1.14613783
9.41000080 , -1.14632058
9.42000103 , -1.14537609
9.43000031 , -1.14530730
9.44000053 , -1.14668226
9.45000076 , -1.14604878
9.46000099 , -1.14856315
9.47000027 , -1.14855981
9.48000050 , -1.14723134
9.49000072 , -1.14880753
9.50000095 , -1.15057933
9.51000023 , -1.15038788
9.52000046 , -1.14860904
9.53000069 , -1.14879656
9.54000092 , -1.14866686
9.55000114 , -1.14955521
9.56000042 , -1.14783382
9.57000065 , -1.14643097
9.58000088 , -1.14578915
9.59000111 , -1.14476562
9.60000038 , -1.14596927
9.61000061 , -1.14602768
9.62000084 , -1.14595866
9.63000107 , -1.14442003
9.64000034 , -1.14562798
9.65000057 , -1.14491832
9.66000080 , -1.14503992
9.67000103 , -1.14715171
9.68000031 , -1.14566910
9.69000053 , -1.14566326
9.70000076 , -1.14488602
9.71000099 , -1.14410734
9.72000027 , -1.14236355
9.73000050 , -1.14061952
9.74000072 , -1.14015937
9.75000095 , -1.13841403
9.76000023 , -1.13698816
9.77000046 , -1.13793838
9.78000069 , -1.13779616
9.79000092 , -1.13598073
9.80000114 , -1.13512957
9.81000042 , -1.13305640
9.82000065 , -1.13619351
9.83000088 , -1.13624275
9.84000111 , -1.13551712
9.85000038 , -1.13414526
9.86000061 , -1.13322365
9.87000084 , -1.13352907
9.88000107 , -1.13163698
9.89000034 , -1.13219917
9.90000057 , -1.13082170
9.91000080 , -1.13021922
9.92000103 , -1.13000381
9.93000031 , -1.13069558
9.94000053 , -1.13002622
9.95000076 , -1.13000524
9.96000099 , -1.12920415
9.97000027 , -1.12814295
9.98000050 , -1.12727511
9.99000072 , -1.12946355
10.0000010 , -1.13022423
10.0100012 , -1.12922359
10.0200005 , -1.12776566
10.0300007 , -1.12402737
10.0400009 , -1.12393486
10.0500011 , -1.12482023
10.0600004 , -1.12642753
10.0700006 , -1.12561715
10.0800009 , -1.12572277
10.0900011 , -1.12582767
10.1000004 , -1.12390065
10.1100006 , -1.12557948
10.1200008 , -1.12384546
10.1300011 , -1.12381732
10.1400003 , -1.12543499
10.1500006 , -1.12455225
10.1600008 , -1.12498677
10.1700010 , -1.12397003
10.1800003 , -1.12216055
10.1900005 , -1.12272525
10.2000008 , -1.12170529
10.2100010 , -1.11995876
10.2200003 , -1.11933267
10.2300005 , -1.11916792
10.2400007 , -1.11906970
10.2500010 , -1.11930108
10.2600012 , -1.12125838
10.2700005 , -1.12382352
10.2800007 , -1.12399518
10.2900009 , -1.12249887
10.3000011 , -1.12267029
10.3100004 , -1.12257385
10.3200006 , -1.12287867
10.3300009 , -1.12640619
10.3400011 , -1.12638021
10.3500004 , -1.12547898
10.3600006 , -1.12551987
10.3700008 , -1.12502122
10.3800011 , -1.12539828
10.3900003 , -1.12462866
10.4000006 , -1.12480402
10.4100008 , -1.12552106
10.4200010 , -1.12488377
10.4300003 , -1.12444961
10.4400005 , -1.12320089
10.4500008 , -1.12337506
10.4600010 , -1.12429738
10.4700003 , -1.12182176
10.4800005 , -1.12158716
10.4900007 , -1.12114811
10.5000010 , -1.12036753
10.5100012 , -1.12251663
10.5200005 , -1.12248659
10.5300007 , -1.12190914
10.5400009 , -1.12139964
10.5500011 , -1.12253249
10.5600004 , -1.12366879
10.5700006 , -1.12137365
10.5800009 , -1.12065566
10.5900011 , -1.12234175
10.6000004 , -1.12258673
10.6100006 , -1.12262523
10.6200008 , -1.11956108
10.6300011 , -1.11973488
10.6400003 , -1.11818445
10.6500006 , -1.11684012
10.6600008 , -1.11804509
10.6700010 , -1.11773288
10.6800003 , -1.12102246
10.6900005 , -1.12050390
10.7000008 , -1.12074864
10.7100010 , -1.11995101
10.7200012 , -1.11755407
10.7300005 , -1.11710107
10.7400007 , -1.11609149
10.7500010 , -1.11605334
10.7600012 , -1.11427653
10.7700005 , -1.11222100
10.7800007 , -1.11433649
10.7900009 , -1.11332083
10.8000011 , -1.11237383
10.8100004 , -1.11268079
10.8200006 , -1.11284900
10.8300009 , -1.11182857
10.8400011 , -1.11129665
10.8500004 , -1.10943568
10.8600006 , -1.10855186
10.8700008 , -1.10871565
10.8800011 , -1.10810935
10.8900003 , -1.10799289
10.9000006 , -1.10731471
10.9100008 , -1.10586476
10.9200010 , -1.10511482
10.9300003 , -1.10457373
10.9400005 , -1.10368085
10.9500008 , -1.10271645
10.9600010 , -1.10392880
10.9700012 , -1.10451078
10.9800005 , -1.10438907
10.9900007 , -1.10384452
11.0000010 , -1.10153544
11.0100012 , -1.09978950
11.0200005 , -1.09966302
11.0300007 , -1.09868944
11.0400009 , -1.09496963
11.0500011 , -1.09554160
11.0600004 , -1.09548044
11.0700006 , -1.09520793
11.0800009 , -1.09458125
11.0900011 , -1.09388351
11.1000004 , -1.09367895
11.1100006 , -1.09453571
11.1200008 , -1.09504068
11.1300011 , -1.09348857
11.1400003 , -1.09207714
11.1500006 , -1.09052241
11.1600008 , -1.08995891
11.1700010 , -1.08932316
11.1800013 , -1.09074771
11.1900005 , -1.09174907
11.2000008 , -1.09239650
11.2100010 , -1.08933401
11.2200012 , -1.09040725
11.2300005 , -1.09041095
11.2400007 , -1.09148955
11.2500010 , -1.09170985
11.2600012 , -1.08984876
11.2700005 , -1.09035504
11.2800007 , -1.08949602
11.2900009 , -1.08885098
11.3000011 , -1.08605051
11.3100004 , -1.08547485
11.3200006 , -1.08561730
11.3300009 , -1.08575940
11.3400011 , -1.08626246
11.3500004 , -1.08489060
11.3600006 , -1.08503258
11.3700008 , -1.08575368
11.3800011 , -1.08394325
11.3900003 , -1.08249319
11.4000006 , -1.08277726
11.4100008 , -1.08067369
11.4200010 , -1.07943654
11.4300013 , -1.08073115
11.4400005 , -1.08043361
11.4500008 , -1.08035350
11.4600010 , -1.07845712
11.4700012 , -1.07380867
11.4800005 , -1.07372093
11.4900007 , -1.07414043
11.5000010 , -1.07790697
11.5100012 , -1.07621956
11.5200005 , -1.07424045
11.5300007 , -1.07211471
11.5400009 , -1.07078838
11.5500011 , -1.07244432
11.5600004 , -1.07513070
11.5700006 , -1.07555664
11.5800009 , -1.07517612
11.5900011 , -1.07479489
11.6000004 , -1.07345831
11.6100006 , -1.07285440
11.6200008 , -1.07188249
11.6300011 , -1.07363105
11.6400013 , -1.07450056
11.6500006 , -1.07352519
11.6600008 , -1.07195783
11.6700010 , -1.07120049
11.6800013 , -1.06933558
11.6900005 , -1.07020116
11.7000008 , -1.06944084
11.7100010 , -1.07008696
11.7200012 , -1.06806481
11.7300005 , -1.06878388
11.7400007 , -1.06787062
11.7500010 , -1.06829417
11.7600012 , -1.06767595
11.7700005 , -1.06787598
11.7800007 , -1.06703246
11.7900009 , -1.06693399
11.8000011 , -1.06638658
11.8100004 , -1.06352508
11.8200006 , -1.06357145
11.8300009 , -1.06346846
11.8400011 , -1.06187057
11.8500004 , -1.06049442
11.8600006 , -1.05934143
11.8700008 , -1.05915833
11.8800011 , -1.06122255
11.8900013 , -1.05811679
11.9000006 , -1.05763185
11.9100008 , -1.05692124
11.9200010 , -1.05605960
11.9300013 , -1.05527091
11.9400005 , -1.05515671
11.9500008 , -1.05745184
11.9600010 , -1.05839765
11.9700012 , -1.05798399
11.9800005 , -1.05651093
11.9900007 , -1.05511236
12.0000010 , -1.05431676
12.0100012 , -1.05450356
12.0200005 , -1.05400872
12.0300007 , -1.05298185
12.0400009 , -1.05165064
12.0500011 , -1.05122709
12.0600004 , -1.05004489
12.0700006 , -1.04681420
12.0800009 , -1.04653680
12.0900011 , -1.04497039
12.1000004 , -1.04423606
12.1100006 , -1.04585385
12.1200008 , -1.04458559
12.1300011 , -1.04628479
12.1400013 , -1.04608142
12.1500006 , -1.04404509
12.1600008 , -1.04185569
12.1700010 , -1.04233348
12.1800013 , -1.04166651
12.1900005 , -1.03954697
12.2000008 , -1.03941083
12.2100010 , -1.04065263
12.2200012 , -1.04166853
12.2300005 , -1.04145753
12.2400007 , -1.03840387
12.2500010 , -1.03934193
12.2600012 , -1.04020607
12.2700005 , -1.03845048
12.2800007 , -1.03715599
12.2900009 , -1.03910029
12.3000011 , -1.03919399
12.3100004 , -1.03773963
12.3200006 , -1.03636074
12.3300009 , -1.03328061
12.3400011 , -1.03120375
12.3500013 , -1.03059220
12.3600006 , -1.03137147
12.3700008 , -1.03052557
12.3800011 , -1.02905953
12.3900013 , -1.02821052
12.4000006 , -1.03054202
12.4100008 , -1.02891421
12.4200010 , -1.02650905
12.4300013 , -1.02425802
12.4400005 , -1.02247107
12.4500008 , -1.02347517
12.4600010 , -1.02246070
12.4700012 , -1.02051187
12.4800005 , -1.02190483
12.4900007 , -1.02018499
12.5000010 , -1.02158022
12.5100012 , -1.02032399
12.5200005 , -1.01930046
12.5300007 , -1.02038622
12.5400009 , -1.01904666
12.5500011 , -1.01778376
12.5600004 , -1.01706684
12.5700006 , -1.01627028
12.5800009 , -1.01735568
12.5900011 , -1.01679325
12.6000013 , -1.01693749
12.6100006 , -1.01495552
12.6200008 , -1.01320815
12.6300011 , -1.01153791
12.6400013 , -1.00947249
12.6500006 , -1.00944936
12.6600008 , -1.00989938
12.6700010 , -1.00806332
12.6800013 , -1.00598967
12.6900005 , -1.00375676
12.7000008 , -1.00183713
12.7100010 , -1.00117397
12.7200012 , -1.00169158
12.7300005 , -1.00102639
12.7400007 , -0.999098182
12.7500010 , -0.997247040
12.7600012 , -0.997522712
12.7700005 , -0.999382138
12.7800007 , -0.999900281
12.7900009 , -1.00121570
12.8000011 , -1.00229704
12.8100014 , -1.00090718
12.8200006 , -1.00151098
12.8300009 , -1.00179684
12.8400011 , -1.00264525
12.8500013 , -1.00325489
12.8600006 , -1.00161409
12.8700008 , -1.00029290
12.8800011 , -0.999291360
12.8900013 , -0.999656320
12.9000006 , -1.00018418
12.9100008 , -0.999985576
12.9200010 , -1.00173068
12.9300013 , -1.00234568
12.9400005 , -1.00271881
12.9500008 , -1.00170839
12.9600010 , -1.00126600
12.9700012 , -0.996996939
12.9800005 , -0.997932374
12.9900007 , -0.996506631
13.0000010 , -0.998750567
13.0100012 , -1.00018668
13.0200005 , -0.999902904
13.0300007 , -0.999865353
13.0400009 , -1.00007439
13.0500011 , -0.999624968
13.0600014 , -0.998926997
13.0700006 , -0.998722911
13.0800009 , -1.00116718
13.0900011 , -1.00162852
13.1000013 , -1.00101113
13.1100006 , -1.00105786
13.1200008 , -1.00060523
13.1300011 , -0.999400496
13.1400013 , -1.00145006
13.1500006 , -1.00317454
13.1600008 , -1.00221741
13.1700010 , -1.00159347
13.1800013 , -0.999204576
13.1900005 , -1.00034285
13.2000008 , -0.999631345
13.2100010 , -0.999592245
13.2200012 , -0.999130964
13.2300005 , -0.998161495
13.2400007 , -0.997106135
13.2500010 , -0.994612277
13.2600012 , -0.995072484
13.2700014 , -0.992320120
13.2800007 , -0.990073025
13.2900009 , -0.989851058
13.3000011 , -0.988021135
13.3100014 , -0.987034857
13.3200006 , -0.986046016
13.3300009 , -0.985902429
13.3400011 , -0.985079765
13.3500013 , -0.983407497
13.3600006 , -0.981733084
13.3700008 , -0.981242537
13.3800011 , -0.979564130
13.3900013 , -0.981449723
13.4000006 , -0.982576549
13.4100008 , -0.980804384
13.4200010 , -0.977581561
13.4300013 , -0.976146042
13.4400005 , -0.976156592
13.4500008 , -0.974630713
13.4600010 , -0.973700047
13.4700012 , -0.973877847
13.4800005 , -0.972858191
13.4900007 , -0.970212162
13.5000010 , -0.970384836
13.5100012 , -0.969786823
13.5200014 , -0.968758643
13.5300007 , -0.968929589
13.5400009 , -0.967468441
13.5500011 , -0.966950059
13.5600014 , -0.967979789
13.5700006 , -0.967029154
13.5800009 , -0.967630088
13.5900011 , -0.965207636
13.6000013 , -0.965287924
13.6100006 , -0.964502275
13.6200008 , -0.963369131
13.6300011 , -0.963273287
13.6400013 , -0.961962342
13.6500006 , -0.961516440
13.6600008 , -0.959853709
13.6700010 , -0.958622217
13.6800013 , -0.959127724
13.6900005 , -0.960768700
13.7000008 , -0.959270418
13.7100010 , -0.959516644
13.7200012 , -0.957750738
13.7300005 , -0.957381964
13.7400007 , -0.957714319
13.7500010 , -0.957959354
13.7600012 , -0.953988194
13.7700014 , -0.954930425
13.7800007 , -0.953850627
13.7900009 , -0.954443336
13.8000011 , -0.954507768
13.8100014 , -0.954572439
13.8200006 , -0.952425361
13.8300009 , -0.949127913
13.8400011 , -0.949802876
13.8500013 , -0.949063122
13.8600006 , -0.947966933
13.8700008 , -0.948553801
13.8800011 , -0.946122587
13.8900013 , -0.943955243
13.9000006 , -0.943736434
13.9100008 , -0.942806363
13.9200010 , -0.941340446
13.9300013 , -0.940227747
13.9400005 , -0.938668311
13.9500008 , -0.937639356
13.9600010 , -0.937765539
13.9700012 , -0.936465502
13.9800014 , -0.934538245
13.9900007 , -0.932964683
14.0000010 , -0.930141151
14.0100012 , -0.932041109
14.0200014 , -0.932786107
14.0300007 , -0.932187557
14.0400009 , -0.929704666
14.0500011 , -0.927398264
14.0600014 , -0.928675652
14.0700006 , -0.926811099
14.0800009 , -0.926920414
14.0900011 , -0.926220000
14.1000013 , -0.927592874
14.1100006 , -0.926709533
14.1200008 , -0.925190985
14.1300011 , -0.926114202
14.1400013 , -0.926496267
14.1500006 , -0.924152792
14.1600008 , -0.921443403
14.1700010 , -0.919729650
14.1800013 , -0.920464456
14.1900005 , -0.921384811
14.2000008 , -0.920117915
14.2100010 , -0.919122219
14.2200012 , -0.916846156
14.2300014 , -0.914020658
14.2400007 , -0.913471222
14.2500010 , -0.914016247
14.2600012 , -0.913922906
14.2700014 , -0.913278341
14.2800007 , -0.912541032
14.2900009 , -0.910148859
14.3000011 , -0.909772873
14.3100014 , -0.911697030
14.3200006 , -0.913076878
14.3300009 , -0.914370537
14.3400011 , -0.913162053
14.3500013 , -0.911950529
14.3600006 , -0.910643637
14.3700008 , -0.912404954
14.3800011 , -0.913054228
14.3900013 , -0.910432398
14.4000006 , -0.912577569
14.4100008 , -0.911165237
14.4200010 , -0.913697779
14.4300013 , -0.914733112
14.4400015 , -0.915205777
14.4500008 , -0.915205479
14.4600010 , -0.913781464
14.4700012 , -0.910932064
14.4800014 , -0.909975111
14.4900007 , -0.909395695
14.5000010 , -0.910527408
14.5100012 , -0.910996199
14.5200014 , -0.909650743
14.5300007 , -0.909640670
14.5400009 , -0.907332540
14.5500011 , -0.906456053
14.5600014 , -0.906919658
14.5700006 , -0.908540189
14.5800009 , -0.909299672
14.5900011 , -0.909675896
14.6000013 , -0.909471631
14.6100006 , -0.909849823
14.6200008 , -0.910131574
14.6300011 , -0.911097586
14.6400013 , -0.912362516
14.6500006 , -0.908245087
14.6600008 , -0.906178772
14.6700010 , -0.903621197
14.6800013 , -0.906243026
14.6900015 , -0.905342579
14.7000008 , -0.906209588
14.7100010 , -0.904715002
14.7200012 , -0.904694855
14.7300014 , -0.904674888
14.7400007 , -0.904556274
14.7500010 , -0.901664019
14.7600012 , -0.901637852
14.7700014 , -0.900124252
14.7800007 , -0.899003863
14.7900009 , -0.897185266
14.8000011 , -0.897946954
14.8100014 , -0.899609506
14.8200006 , -0.899479687
14.8300009 , -0.899349272
14.8400011 , -0.900825799
14.8500013 , -0.901604414
14.8600006 , -0.900669456
14.8700008 , -0.898318112
14.8800011 , -0.896972477
14.8900013 , -0.896835864
14.9000015 , -0.896901786
14.9100008 , -0.896866143
14.9200010 , -0.895915151
14.9300013 , -0.894554973
14.9400015 , -0.893903196
14.9500008 , -0.894677758
14.9600010 , -0.894841790
14.9700012 , -0.894084334
14.9800014 , -0.891991973
14.9900007 , -0.891228199
15.0000010 , -0.892826617
15.0100012 , -0.892576098
15.0200014 , -0.892530560
15.0300007 , -0.893521667
15.0400009 , -0.892232955
15.0500011 , -0.890837431
15.0600014 , -0.890061200
15.0700006 , -0.890531361
15.0800009 , -0.889125824
15.0900011 , -0.888238430
15.1000013 , -0.891115904
15.1100006 , -0.890962303
15.1200008 , -0.891334176
15.1300011 , -0.892552972
15.1400013 , -0.893883944
15.1500015 , -0.892036259
15.1600008 , -0.893371165
15.1700010 , -0.893539369
15.1800013 , -0.894243658
15.1900015 , -0.894200146
15.2000008 , -0.892118812
15.2100010 , -0.892823160
15.2200012 , -0.893530905
15.2300014 , -0.894349873
15.2400007 , -0.894306600
15.2500010 , -0.894371569
15.2600012 , -0.892373085
15.2700014 , -0.890912116
15.2800007 , -0.889882386
15.2900009 , -0.889611125
15.3000011 , -0.890430987
15.3100014 , -0.890269697
15.3200006 , -0.890984893
15.3300009 , -0.890713990
15.3400011 , -0.891213298
15.3500013 , -0.889947116
15.3600006 , -0.890667856
15.3700008 , -0.891170382
15.3800011 , -0.893345475
15.3900013 , -0.891959250
15.4000015 , -0.891574144
15.4100008 , -0.890292287
15.4200010 , -0.891360104
15.4300013 , -0.891196012
15.4400015 , -0.891819954
15.4500008 , -0.891769171
15.4600010 , -0.892284453
15.4700012 , -0.889513314
15.4800014 , -0.890137911
15.4900007 , -0.889514506
15.5000010 , -0.889686346
15.5100012 , -0.887461722
15.5200014 , -0.887743413
15.5300007 , -0.886995614
15.5400009 , -0.884641528
15.5500011 , -0.884803593
15.5600014 , -0.884735703
15.5700006 , -0.884207368
15.5800009 , -0.883907378
15.5900011 , -0.882912755
15.6000013 , -0.881104946
15.6100016 , -0.878482640
15.6200008 , -0.878863990
15.6300011 , -0.881107390
15.6400013 , -0.880447567
15.6500015 , -0.880368710
15.6600008 , -0.878535211
15.6700010 , -0.877280831
15.6800013 , -0.874734581
15.6900015 , -0.874994457
15.7000008 , -0.874667645
15.7100010 , -0.873633027
15.7200012 , -0.874600232
15.7300014 , -0.871198714
15.7400007 , -0.869562089
15.7500010 , -0.867802501
15.7600012 , -0.867811561
15.7700014 , -0.868295491
15.7800007 , -0.869734943
15.7900009 , -0.869032323
15.8000011 , -0.869044602
15.8100014 , -0.866421759
15.8200006 , -0.864750206
15.8300009 , -0.863672435
15.8400011 , -0.865115285
15.8500013 , -0.866928816
15.8600016 , -0.867420912
15.8700008 , -0.864517987
15.8800011 , -0.863548458
15.8900013 , -0.863061190
15.9000015 , -0.861476064
15.9100008 , -0.861348331
15.9200010 , -0.860609114
15.9300013 , -0.859621882
15.9400015 , -0.859488726
15.9500008 , -0.859600663
15.9600010 , -0.859097362
15.9700012 , -0.859826505
15.9800014 , -0.858825862
15.9900007 , -0.856830537
