0.00000000 , 0.00000000
5.00000035E-03 , 0.352678448
1.00000007E-02 , 0.565210581
1.50000006E-02 , 0.688075125
2.00000014E-02 , 0.762730598
2.50000022E-02 , 0.818431199
3.00000012E-02 , 0.849891007
3.50000039E-02 , 0.867022395
4.00000028E-02 , 0.872022986
4.50000018E-02 , 0.869787335
5.00000045E-02 , 0.862767220
5.50000034E-02 , 0.850710392
6.00000024E-02 , 0.835703850
6.50000051E-02 , 0.824862659
7.00000077E-02 , 0.822121084
7.50000030E-02 , 0.817168415
8.00000057E-02 , 0.815284312
8.50000083E-02 , 0.819176912
9.00000036E-02 , 0.828479588
9.50000063E-02 , 0.830163419
0.100000009 , 0.830126226
0.105000004 , 0.825538695
0.110000007 , 0.825375259
0.115000010 , 0.825213552
0.120000005 , 0.823819995
0.125000015 , 0.818239450
0.130000010 , 0.813764155
0.135000005 , 0.809903443
0.140000015 , 0.805053353
0.145000011 , 0.802544713
0.150000006 , 0.802254319
0.155000016 , 0.800851762
0.160000011 , 0.797970355
0.165000007 , 0.794345200
0.170000017 , 0.792818367
0.175000012 , 0.790672243
0.180000007 , 0.787289798
0.185000017 , 0.784647942
0.190000013 , 0.781880200
0.195000008 , 0.781212449
0.200000018 , 0.780792058
0.205000013 , 0.778639615
0.210000008 , 0.776239574
0.215000018 , 0.776187718
0.220000014 , 0.776136398
0.225000009 , 0.773486197
0.230000019 , 0.774548113
0.235000014 , 0.775858700
0.240000010 , 0.778285027
0.245000020 , 0.776747227
0.250000030 , 0.771862090
0.255000025 , 0.771191001
0.260000020 , 0.772501945
0.265000015 , 0.775426686
0.270000011 , 0.779096723
0.275000006 , 0.778550148
0.280000031 , 0.777008951
0.285000026 , 0.777454019
0.290000021 , 0.779142201
0.295000017 , 0.779215693
0.300000012 , 0.776928484
0.305000007 , 0.774391949
0.310000032 , 0.774339795
0.315000027 , 0.776651204
0.320000023 , 0.778216422
0.325000018 , 0.780901551
0.330000013 , 0.779980838
0.335000038 , 0.777315915
0.340000033 , 0.777265310
0.345000029 , 0.777338743
0.350000024 , 0.775542200
0.355000019 , 0.773248196
0.360000014 , 0.773943603
0.365000039 , 0.775761127
0.370000035 , 0.775584519
0.375000030 , 0.778152645
0.380000025 , 0.778849900
0.385000020 , 0.780046761
0.390000015 , 0.778997302
0.395000041 , 0.778822124
0.400000036 , 0.776272058
0.405000031 , 0.773722529
0.410000026 , 0.771421313
0.415000021 , 0.770618796
0.420000017 , 0.769815326
0.425000042 , 0.767636240
0.430000037 , 0.768207729
0.435000032 , 0.769154727
0.440000027 , 0.770478666
0.445000023 , 0.773678660
0.450000018 , 0.774002612
0.455000043 , 0.775452614
0.460000038 , 0.774773538
0.465000033 , 0.770962536
0.470000029 , 0.769656181
0.475000024 , 0.764462471
0.480000019 , 0.761147678
0.485000044 , 0.759084940
0.490000039 , 0.759404242
0.495000035 , 0.759850800
0.500000060 , 0.761802256
0.505000055 , 0.764006317
0.510000050 , 0.764454186
0.515000045 , 0.765529573
0.520000041 , 0.767862499
0.525000036 , 0.769567847
0.530000031 , 0.768634379
0.535000026 , 0.765562057
0.540000021 , 0.762111902
0.545000017 , 0.759790778
0.550000012 , 0.756965280
0.555000067 , 0.752629280
0.560000062 , 0.752192676
0.565000057 , 0.752008677
0.570000052 , 0.751824677
0.575000048 , 0.750758290
0.580000043 , 0.750446558
0.585000038 , 0.751397014
0.590000033 , 0.751086116
0.595000029 , 0.754054308
0.600000024 , 0.756646574
0.605000019 , 0.757346034
0.610000014 , 0.756405532
0.615000069 , 0.756600499
0.620000064 , 0.756669521
0.625000060 , 0.755348861
0.630000055 , 0.754533529
0.635000050 , 0.757761478
0.640000045 , 0.758462667
0.645000041 , 0.757267773
0.650000036 , 0.755439639
0.655000031 , 0.754116595
0.660000026 , 0.752160072
0.665000021 , 0.750202477
0.670000076 , 0.749256790
0.675000072 , 0.747931540
0.680000067 , 0.747111142
0.685000062 , 0.745910048
0.690000057 , 0.742681324
0.695000052 , 0.737928510
0.700000048 , 0.736978650
0.705000043 , 0.737296283
0.710000038 , 0.738629758
0.715000033 , 0.739582419
0.720000029 , 0.739266217
0.725000024 , 0.738569617
0.730000079 , 0.735966504
0.735000074 , 0.733870327
0.740000069 , 0.734315634
0.745000064 , 0.734633565
0.750000060 , 0.736477375
0.755000055 , 0.739340186
0.760000050 , 0.736860096
0.765000045 , 0.735397696
0.770000041 , 0.736352026
0.775000036 , 0.735143960
0.780000031 , 0.733679473
0.785000026 , 0.732468724
0.790000081 , 0.733806849
0.795000076 , 0.734889984
0.800000072 , 0.736610711
0.805000067 , 0.736674964
0.810000062 , 0.734061003
0.815000057 , 0.733359098
0.820000052 , 0.736358166
0.825000048 , 0.735529721
0.830000043 , 0.734955192
0.835000038 , 0.733486295
0.840000033 , 0.734572172
0.845000088 , 0.735146403
0.850000083 , 0.735339284
0.855000079 , 0.736681700
0.860000074 , 0.738281548
0.865000069 , 0.737067163
0.870000064 , 0.734828770
0.875000060 , 0.734252632
0.880000055 , 0.734188080
0.885000050 , 0.735533476
0.890000045 , 0.735597968
0.895000041 , 0.735150397
0.900000036 , 0.734573305
0.905000091 , 0.733611643
0.910000086 , 0.733676136
0.915000081 , 0.733483613
0.920000076 , 0.731879950
0.925000072 , 0.730788350
0.930000067 , 0.728027523
0.935000062 , 0.727063179
0.940000057 , 0.724685669
0.945000052 , 0.722692132
0.950000048 , 0.722496390
0.955000043 , 0.722301006
0.960000038 , 0.721333146
0.965000093 , 0.721651018
0.970000088 , 0.722870708
0.975000083 , 0.722931445
0.980000079 , 0.720676720
0.985000074 , 0.721509635
0.990000069 , 0.722086430
0.995000064 , 0.721116960
1.00000012 , 0.720919788
1.00500011 , 0.721238852
1.01000011 , 0.720397770
1.01500010 , 0.717364430
1.02000010 , 0.718197584
1.02500010 , 0.716451585
1.03000009 , 0.714705527
1.03500009 , 0.712699890
1.04000008 , 0.712888360
1.04500008 , 0.710493267
1.05000007 , 0.708485365
1.05500007 , 0.708284914
1.06000006 , 0.707954288
1.06500006 , 0.705556333
1.07000005 , 0.705872297
1.07500005 , 0.705929101
1.08000004 , 0.708185256
1.08500004 , 0.711090088
1.09000003 , 0.711537421
1.09500003 , 0.713279247
1.10000002 , 0.713856995
1.10500002 , 0.712620735
1.11000013 , 0.712032557
1.11500013 , 0.710794628
1.12000012 , 0.709686279
1.12500012 , 0.710263550
1.13000011 , 0.708246768
1.13500011 , 0.706099033
1.14000010 , 0.705637574
1.14500010 , 0.707381785
1.15000010 , 0.708738327
1.15500009 , 0.706718862
1.16000009 , 0.705217421
1.16500008 , 0.705014288
1.17000008 , 0.708321035
1.17500007 , 0.706819654
1.18000007 , 0.705706179
1.18500006 , 0.704463243
1.19000006 , 0.701397240
1.19500005 , 0.700281978
1.20000005 , 0.699947715
1.20500004 , 0.698961973
1.21000004 , 0.701101959
1.21500003 , 0.700767398
1.22000003 , 0.700563550
1.22500014 , 0.700879812
1.23000014 , 0.700936258
1.23500013 , 0.701123595
1.24000013 , 0.698439240
1.24500012 , 0.697712481
1.25000012 , 0.697898328
1.25500011 , 0.699390173
1.26000011 , 0.698794127
1.26500010 , 0.698979914
1.27000010 , 0.699428380
1.27500010 , 0.700137854
1.28000009 , 0.700193703
1.28500009 , 0.700903773
1.29000008 , 0.703315258
1.29500008 , 0.703111172
1.30000007 , 0.702382982
1.30500007 , 0.702308416
1.31000006 , 0.700662613
1.31500006 , 0.700326622
1.32000005 , 0.698286951
1.32500005 , 0.698867142
1.33000004 , 0.698136151
1.33500004 , 0.698455930
1.34000015 , 0.701265395
1.34500015 , 0.702503383
1.35000014 , 0.704004228
1.35500014 , 0.703404665
1.36000013 , 0.702806592
1.36500013 , 0.702074587
1.37000012 , 0.702001393
1.37500012 , 0.701400518
1.38000011 , 0.701851845
1.38500011 , 0.702435493
1.39000010 , 0.704991102
1.39500010 , 0.707285464
1.40000010 , 0.709318161
1.40500009 , 0.708455980
1.41000009 , 0.706408381
1.41500008 , 0.705808103
1.42000008 , 0.705207467
1.42500007 , 0.703948200
1.43000007 , 0.704006374
1.43500006 , 0.704063773
1.44000006 , 0.702802360
1.44500005 , 0.703651130
1.45000005 , 0.704897046
1.45500016 , 0.706274807
1.46000016 , 0.706466019
1.46500015 , 0.704543591
1.47000015 , 0.703412473
1.47500014 , 0.701223671
1.48000014 , 0.699827194
1.48500013 , 0.700810194
1.49000013 , 0.700734496
1.49500012 , 0.698807716
1.50000012 , 0.699128330
1.50500011 , 0.698258877
1.51000011 , 0.698579609
1.51500010 , 0.695988715
1.52000010 , 0.695779443
1.52500010 , 0.694378138
1.53000009 , 0.695227981
1.53500009 , 0.695284307
1.54000008 , 0.697064042
1.54500008 , 0.697120011
1.55000007 , 0.697044253
1.55500007 , 0.696967900
1.56000006 , 0.695297956
1.56500006 , 0.693627834
1.57000005 , 0.695011199
1.57500017 , 0.695066869
1.58000016 , 0.694990456
1.58500016 , 0.695710540
1.59000015 , 0.697362185
1.59500015 , 0.698482931
1.60000014 , 0.698539436
1.60500014 , 0.702455699
1.61000013 , 0.703843594
1.61500013 , 0.704568803
1.62000012 , 0.705559134
1.62500012 , 0.705617368
1.63000011 , 0.704344332
1.63500011 , 0.701870084
1.64000010 , 0.702328026
1.64500010 , 0.700519085
1.65000010 , 0.698842287
1.65500009 , 0.699033737
1.66000009 , 0.699090421
1.66500008 , 0.699280977
1.67000008 , 0.698670685
1.67500007 , 0.698593855
1.68000007 , 0.697181106
1.68500006 , 0.694164097
1.69000018 , 0.693551600
1.69500017 , 0.693073452
1.70000017 , 0.692994773
1.70500016 , 0.693986714
1.71000016 , 0.693507433
1.71500015 , 0.694098532
1.72000015 , 0.693351090
1.72500014 , 0.693407178
1.73000014 , 0.692658961
1.73500013 , 0.691241086
1.74000013 , 0.689151168
1.74500012 , 0.685718954
1.75000012 , 0.686712444
1.75500011 , 0.685022414
1.76000011 , 0.686283588
1.76500010 , 0.688082874
1.77000010 , 0.688674092
1.77500010 , 0.686713636
1.78000009 , 0.687305689
1.78500009 , 0.685075879
1.79000008 , 0.683113396
1.79500008 , 0.682628989
1.80000007 , 0.684026659
1.80500019 , 0.683676362
1.81000018 , 0.684133530
1.81500018 , 0.683109999
1.82000017 , 0.683701932
1.82500017 , 0.684294462
1.83000016 , 0.686098874
1.83500016 , 0.687231243
1.84000015 , 0.687959909
1.84500015 , 0.687340856
1.85000014 , 0.684158325
1.85500014 , 0.685830653
1.86000013 , 0.684400678
1.86500013 , 0.685803831
1.87000012 , 0.686532974
1.87500012 , 0.686047375
1.88000011 , 0.686642706
1.88500011 , 0.686696291
1.89000010 , 0.686480761
1.89500010 , 0.685724020
1.90000010 , 0.686589777
1.90500009 , 0.687590957
1.91000009 , 0.689134002
1.91500008 , 0.689730883
1.92000008 , 0.690193594
1.92500019 , 0.688622892
1.93000019 , 0.686646342
1.93500018 , 0.686158776
1.94000018 , 0.682960212
1.94500017 , 0.679489255
1.95000017 , 0.680626810
1.95500016 , 0.682171404
1.96000016 , 0.681004107
1.96500015 , 0.684585810
1.97000015 , 0.685590386
1.97500014 , 0.686867356
1.98000014 , 0.685970902
1.98500013 , 0.684667170
1.99000013 , 0.683362007
1.99500012 , 0.682600141
2.00000024 , 0.681429982
2.00500011 , 0.680530906
2.01000023 , 0.677862823
2.01500010 , 0.678868532
2.02000022 , 0.679193199
2.02500010 , 0.680062652
2.03000021 , 0.679026544
2.03500009 , 0.679624021
2.04000020 , 0.680630684
2.04500008 , 0.679730117
2.05000019 , 0.679373860
2.05500007 , 0.681200624
2.06000018 , 0.682072282
2.06500006 , 0.681307375
2.07000017 , 0.679313302
2.07500005 , 0.680321991
2.08000016 , 0.681740761
2.08500004 , 0.683161616
2.09000015 , 0.681575239
2.09500027 , 0.679167747
2.10000014 , 0.678400755
2.10500026 , 0.678589702
2.11000013 , 0.678916633
2.11500025 , 0.678285182
2.12000012 , 0.677927256
2.12500024 , 0.677568913
2.13000011 , 0.675841570
2.13500023 , 0.675071120
2.14000010 , 0.674300849
2.14500022 , 0.675176501
2.15000010 , 0.676461637
2.15500021 , 0.677200019
2.16000009 , 0.676154912
2.16500020 , 0.675933003
2.17000008 , 0.675985038
2.17500019 , 0.675762951
2.18000007 , 0.675815165
2.18500018 , 0.676828802
2.19000006 , 0.676057458
2.19500017 , 0.675147474
2.20000005 , 0.674099147
2.20500016 , 0.673326015
2.21000004 , 0.672552228
2.21500015 , 0.671915293
2.22000027 , 0.671966791
2.22500014 , 0.670503676
2.23000026 , 0.669590771
2.23500013 , 0.669503272
2.24000025 , 0.669553936
2.24500012 , 0.671121359
2.25000024 , 0.672137737
2.25500011 , 0.670947552
2.26000023 , 0.673206687
2.26500010 , 0.675190747
2.27000022 , 0.676071227
2.27500010 , 0.676538646
2.28000021 , 0.673414290
2.28500009 , 0.672360778
2.29000020 , 0.671998203
2.29500008 , 0.671357870
2.30000019 , 0.670718253
2.30500007 , 0.671598673
2.31000018 , 0.674141228
2.31500006 , 0.675715983
2.32000017 , 0.676737785
2.32500005 , 0.676652193
2.33000016 , 0.677397966
2.33500028 , 0.679390490
2.34000015 , 0.679860771
2.34500027 , 0.679915011
2.35000014 , 0.677056015
2.35500026 , 0.675722301
2.36000013 , 0.674387515
2.36500025 , 0.674300849
2.37000012 , 0.675602913
2.37500024 , 0.676905692
2.38000011 , 0.675986767
2.38500023 , 0.676178634
2.39000010 , 0.676509678
2.39500022 , 0.676702023
2.40000010 , 0.677867532
2.40500021 , 0.677503645
2.41000009 , 0.677139401
2.41500020 , 0.678863943
2.42000008 , 0.681145668
2.42500019 , 0.680085897
2.43000007 , 0.679862142
2.43500018 , 0.678800523
2.44000006 , 0.677460134
2.44500017 , 0.677654445
2.45000029 , 0.676591694
2.45500016 , 0.675668478
2.46000028 , 0.676698685
2.46500015 , 0.677868545
2.47000027 , 0.677503586
2.47500014 , 0.676159918
2.48000026 , 0.677052081
2.48500013 , 0.679062247
2.49000025 , 0.679814756
2.49500012 , 0.679309964
2.50000024 , 0.680763066
2.50500011 , 0.680817544
2.51000023 , 0.676114380
2.51500010 , 0.673087537
2.52000022 , 0.670059264
2.52500010 , 0.668570578
2.53000021 , 0.668621778
2.53500009 , 0.669373453
2.54000020 , 0.669846296
2.54500008 , 0.669897735
2.55000019 , 0.671352029
2.55500007 , 0.673790038
2.56000018 , 0.674965441
2.56500030 , 0.676141620
2.57000017 , 0.676897228
2.57500029 , 0.677795053
2.58000016 , 0.677426815
2.58500028 , 0.677340269
2.59000015 , 0.676550746
2.59500027 , 0.676182628
2.60000014 , 0.675814033
2.60500026 , 0.675586581
2.61000013 , 0.674232364
2.61500025 , 0.673299909
2.62000012 , 0.672507882
2.62500024 , 0.673546553
2.63000011 , 0.671767533
2.63500023 , 0.670692146
2.64000010 , 0.671449780
2.64500022 , 0.672207296
2.65000010 , 0.673670650
2.65500021 , 0.673865080
2.66000009 , 0.674906433
2.66500020 , 0.677360713
2.67000008 , 0.678686082
2.67500019 , 0.679446876
2.68000031 , 0.678795040
2.68500018 , 0.677294672
2.69000030 , 0.673248827
2.69500017 , 0.671745479
2.70000029 , 0.669109643
2.70500016 , 0.669444978
2.71000028 , 0.670629561
2.71500015 , 0.669690847
2.72000027 , 0.669176459
2.72500014 , 0.668519855
2.73000026 , 0.668713391
2.73500013 , 0.669615686
2.74000025 , 0.669242859
2.74500012 , 0.669862211
2.75000024 , 0.670765877
2.75500011 , 0.669825137
2.76000023 , 0.667037666
2.76500010 , 0.666805208
2.77000022 , 0.667708755
2.77500010 , 0.668755531
2.78000021 , 0.668239176
2.78500009 , 0.667153478
2.79000020 , 0.664076507
2.79500031 , 0.661423743
2.80000019 , 0.659623861
2.80500031 , 0.658534825
2.81000018 , 0.659152985
2.81500030 , 0.656496286
2.82000017 , 0.655547380
2.82500029 , 0.656023562
2.83000016 , 0.656785011
2.83500028 , 0.656263113
2.84000015 , 0.654315054
2.84500027 , 0.655647159
2.85000014 , 0.655838132
2.85500026 , 0.655315518
2.86000013 , 0.655364156
2.86500025 , 0.655269742
2.87000012 , 0.656603813
2.87500024 , 0.658082783
2.88000011 , 0.658703625
2.88500023 , 0.656464994
2.89000010 , 0.654081106
2.89500022 , 0.652125835
2.90000010 , 0.651601255
2.90500021 , 0.649643481
2.91000032 , 0.651409864
2.91500020 , 0.652316809
2.92000031 , 0.652794421
2.92500019 , 0.655135453
2.93000031 , 0.654180884
2.93500018 , 0.654659271
2.94000030 , 0.654994667
2.94500017 , 0.656190991
2.95000029 , 0.658106446
2.95500016 , 0.660884678
2.96000028 , 0.660504103
2.96500015 , 0.660410643
2.97000027 , 0.659742117
2.97500014 , 0.662380040
2.98000026 , 0.663725078
2.98500013 , 0.665502965
2.99000025 , 0.664835393
2.99500012 , 0.664022863
3.00000024 , 0.662634790
3.00500011 , 0.659949124
3.01000023 , 0.658702433
3.01500010 , 0.657887459
3.02000022 , 0.658802211
3.02500010 , 0.658708096
3.03000021 , 0.658036828
3.03500032 , 0.657941818
3.04000020 , 0.656692863
3.04500031 , 0.655298829
3.05000019 , 0.655924797
3.05500031 , 0.656841278
3.06000018 , 0.657468319
3.06500030 , 0.656939864
3.07000017 , 0.655543566
3.07500029 , 0.655303597
3.08000016 , 0.658390462
3.08500028 , 0.658440351
3.09000015 , 0.659503579
3.09500027 , 0.658829987
3.10000014 , 0.658880293
3.10500026 , 0.658640623
3.11000013 , 0.659270167
3.11500025 , 0.660045743
3.12000012 , 0.660966277
3.12500024 , 0.660872817
3.13000011 , 0.662083745
3.13500023 , 0.663295746
3.14000010 , 0.664363623
3.14500022 , 0.666012943
3.15000033 , 0.666211307
3.15500021 , 0.666699350
3.16000032 , 0.667478859
3.16500020 , 0.666950107
3.17000031 , 0.665693700
3.17500019 , 0.665018916
3.18000031 , 0.666235447
3.18500018 , 0.664540648
3.19000030 , 0.663719356
3.19500017 , 0.662751794
3.20000029 , 0.665425897
3.20500016 , 0.665332377
3.21000028 , 0.665968180
3.21500015 , 0.665875137
3.22000027 , 0.665927887
3.22500014 , 0.667001307
3.23000026 , 0.666324794
3.23500013 , 0.666669607
3.24000025 , 0.666576505
3.24500012 , 0.668966174
3.25000024 , 0.669166267
3.25500011 , 0.670974374
3.26000023 , 0.673660517
3.26500034 , 0.674007893
3.27000022 , 0.672161281
3.27500033 , 0.671045125
3.28000021 , 0.671977758
3.28500032 , 0.673203647
3.29000020 , 0.672819614
3.29500031 , 0.673167586
3.30000019 , 0.672636211
3.30500031 , 0.672837675
3.31000018 , 0.669959664
3.31500030 , 0.666346014
3.32000017 , 0.664784670
3.32500029 , 0.662928581
3.33000016 , 0.663127959
3.33500028 , 0.662445784
3.34000015 , 0.664113700
3.34500027 , 0.664607167
3.35000014 , 0.664071560
3.35500026 , 0.665741861
3.36000013 , 0.666530132
3.36500025 , 0.664670706
3.37000012 , 0.665606558
3.37500024 , 0.666690469
3.38000035 , 0.666596293
3.38500023 , 0.665913105
3.39000034 , 0.666113615
3.39500022 , 0.666903913
3.40000033 , 0.667104781
3.40500021 , 0.666568220
3.41000032 , 0.665441573
3.41500020 , 0.667560577
3.42000031 , 0.667762816
3.42500019 , 0.667815804
3.43000031 , 0.669051111
3.43500018 , 0.670140207
3.44000030 , 0.670046866
3.44500017 , 0.668327272
3.45000029 , 0.668380976
3.45500016 , 0.669175148
3.46000028 , 0.666713297
3.46500015 , 0.666619122
3.47000027 , 0.665340006
3.47500014 , 0.663023412
3.48000026 , 0.663223922
3.48500013 , 0.663869321
3.49000025 , 0.662735999
3.49500036 , 0.660267055
3.50000024 , 0.660764456
3.50500035 , 0.661113024
3.51000023 , 0.662352920
3.51500034 , 0.661959112
3.52000022 , 0.660675347
3.52500033 , 0.660429955
3.53000021 , 0.660036087
3.53500032 , 0.657709301
3.54000020 , 0.657760620
3.54500031 , 0.654241323
3.55000019 , 0.655333400
3.55500031 , 0.656574488
3.56000018 , 0.657518327
3.56500030 , 0.656378090
3.57000017 , 0.655386031
3.57500029 , 0.655436754
3.58000016 , 0.654145420
3.58500028 , 0.656134665
3.59000015 , 0.656035960
3.59500027 , 0.655490339
3.60000014 , 0.657928646
3.60500026 , 0.658129632
3.61000037 , 0.657583654
3.61500025 , 0.654199183
3.62000036 , 0.652754724
3.62500024 , 0.650562525
3.63000035 , 0.651359618
3.63500023 , 0.648716629
3.64000034 , 0.646370888
3.64500022 , 0.648215175
3.65000033 , 0.650209844
3.65500021 , 0.651457310
3.66000032 , 0.651506603
3.66500020 , 0.652905166
3.67000031 , 0.651906312
3.67500019 , 0.653304815
3.68000031 , 0.653955340
3.68500018 , 0.653405666
3.69000030 , 0.654506266
3.69500017 , 0.652605593
3.70000029 , 0.648601055
3.70500016 , 0.644894421
3.71000028 , 0.643589795
3.71500015 , 0.643486559
3.72000027 , 0.641729534
3.72500038 , 0.638768315
3.73000026 , 0.637610376
3.73500037 , 0.639763355
3.74000025 , 0.639809430
3.74500036 , 0.639403880
3.75000024 , 0.640504837
3.75500035 , 0.641454875
3.76000023 , 0.644214988
3.76500034 , 0.645469129
3.77000022 , 0.642349601
3.77500033 , 0.641492069
3.78000021 , 0.641991317
3.78500032 , 0.638415158
3.79000020 , 0.636045456
3.79500031 , 0.635033011
3.80000019 , 0.631905377
3.80500031 , 0.632099986
3.81000018 , 0.633504868
3.81500030 , 0.636271834
3.82000017 , 0.638283789
3.82500029 , 0.640448868
3.83000016 , 0.641252160
3.83500028 , 0.642207921
3.84000015 , 0.643012345
3.84500027 , 0.642302155
3.85000038 , 0.642198205
3.85500026 , 0.639516592
3.86000037 , 0.638956606
3.86500025 , 0.638850987
3.87000036 , 0.636772633
3.87500024 , 0.637881339
3.88000035 , 0.637167752
3.88500023 , 0.638884544
3.89000034 , 0.639082670
3.89500022 , 0.639889240
3.90000033 , 0.639936447
3.90500021 , 0.641351700
3.91000032 , 0.641855359
3.91500020 , 0.641598523
3.92000031 , 0.644081414
3.92500019 , 0.643977046
3.93000031 , 0.647072017
3.93500018 , 0.647730589
3.94000030 , 0.648389280
3.94500017 , 0.649658680
3.95000029 , 0.649708211
3.95500016 , 0.648232996
3.96000028 , 0.647824824
3.96500039 , 0.647415936
3.97000027 , 0.647312701
3.97500038 , 0.646903694
3.98000026 , 0.646189034
3.98500037 , 0.646084785
3.99000025 , 0.647203982
3.99500036 , 0.649394691
4.00000048 , 0.650821805
4.00500011 , 0.654697776
4.01000023 , 0.654749811
4.01500034 , 0.654954493
4.02000046 , 0.654087245
4.02500010 , 0.655824125
4.03000021 , 0.656949162
4.03500032 , 0.657308221
4.04000044 , 0.654140413
4.04500008 , 0.651890695
4.05000019 , 0.650253534
4.05500031 , 0.647540271
4.06000042 , 0.646668971
4.06500006 , 0.647793770
4.07000017 , 0.645691872
4.07500029 , 0.643896222
4.08000040 , 0.639793336
4.08500051 , 0.637379825
4.09000015 , 0.636502922
4.09500027 , 0.636703432
4.10000038 , 0.637673497
4.10500050 , 0.636487722
4.11000013 , 0.634685874
4.11500025 , 0.633805990
4.12000036 , 0.634776771
4.12500048 , 0.636056721
4.13000011 , 0.636102498
4.13500023 , 0.638463199
4.14000034 , 0.640980065
4.14500046 , 0.641490161
4.15000010 , 0.641847432
4.15500021 , 0.639733315
4.16000032 , 0.637462676
4.16500044 , 0.635190427
4.17000008 , 0.633071303
4.17500019 , 0.631724834
4.18000031 , 0.631769657
4.18500042 , 0.632589042
4.19000053 , 0.634956479
4.19500017 , 0.635776639
4.20000029 , 0.635668516
4.20500040 , 0.638349295
4.21000051 , 0.638551354
4.21500015 , 0.638133824
4.22000027 , 0.638800979
4.22500038 , 0.635124207
4.23000050 , 0.635791361
4.23500013 , 0.632732332
4.24000025 , 0.632778049
4.24500036 , 0.630648077
4.25000048 , 0.631936491
4.25500011 , 0.630271435
4.26000023 , 0.629694164
4.26500034 , 0.630983233
4.27000046 , 0.630717099
4.27500010 , 0.629672468
4.28000021 , 0.630340219
4.28500032 , 0.631163657
4.29000044 , 0.632143795
4.29500008 , 0.631877363
4.30000019 , 0.630987346
4.30500031 , 0.630876243
4.31000042 , 0.629049063
4.31500053 , 0.630030513
4.32000017 , 0.628514171
4.32500029 , 0.626840651
4.33000040 , 0.625322759
4.33500051 , 0.625521541
4.34000015 , 0.624627352
4.34500027 , 0.625452280
4.35000038 , 0.625027061
4.35500050 , 0.622879565
4.36000013 , 0.621514022
4.36500025 , 0.620459914
4.37000036 , 0.618935525
4.37500048 , 0.618193746
4.38000011 , 0.616981268
4.38500023 , 0.616709054
4.39000034 , 0.618004024
4.39500046 , 0.617888570
4.40000010 , 0.617458880
4.40500021 , 0.616401374
4.41000032 , 0.614714444
4.41500044 , 0.612399042
4.42000008 , 0.612281501
4.42500019 , 0.613735557
4.43000031 , 0.615819097
4.43500042 , 0.615859866
4.44000053 , 0.617001712
4.44500017 , 0.618458867
4.45000029 , 0.620546818
4.45500040 , 0.621376276
4.46000051 , 0.623151720
4.46500015 , 0.624140263
4.47000027 , 0.623868287
4.47500038 , 0.624699771
4.48000050 , 0.624428034
4.48500013 , 0.621000946
4.49000025 , 0.618833542
4.49500036 , 0.616190910
4.50000048 , 0.614653349
4.50500011 , 0.615956604
4.51000023 , 0.616629720
4.51500034 , 0.618251681
4.52000046 , 0.619400144
4.52500010 , 0.618177772
4.53000021 , 0.617902458
4.53500032 , 0.618418396
4.54000044 , 0.616085649
4.54500055 , 0.615176320
4.55000019 , 0.617118180
4.55500031 , 0.615574658
4.56000042 , 0.614664078
4.56500053 , 0.616290689
4.57000017 , 0.618076682
4.57500029 , 0.617324591
4.58000040 , 0.618001938
4.58500051 , 0.618995905
4.59000015 , 0.618879378
4.59500027 , 0.619080365
4.60000038 , 0.619917154
4.60500050 , 0.618210137
4.61000013 , 0.618570507
4.61500025 , 0.617498219
4.62000036 , 0.616744101
4.62500048 , 0.615990043
4.63000011 , 0.616986752
4.63500023 , 0.616868794
4.64000034 , 0.617229104
4.64500046 , 0.615517020
4.65000010 , 0.613165975
4.65500021 , 0.612089634
4.66000032 , 0.614363790
4.66500044 , 0.615202308
4.67000055 , 0.615882516
4.67500019 , 0.616243303
4.68000031 , 0.616444349
4.68500042 , 0.615686953
4.69000053 , 0.614928484
4.69500017 , 0.616089523
4.70000029 , 0.616610825
4.70500040 , 0.614731491
4.71000051 , 0.612210810
4.71500015 , 0.611770868
4.72000027 , 0.610689521
4.72500038 , 0.608646035
4.73000050 , 0.606921554
4.73500013 , 0.602630198
4.74000025 , 0.602346599
4.74500036 , 0.602543890
4.75000048 , 0.603383660
4.75500011 , 0.602939427
4.76000023 , 0.604100764
4.76500034 , 0.605424225
4.77000046 , 0.605623007
4.77500057 , 0.604214013
4.78000021 , 0.605055928
4.78500032 , 0.605415821
4.79000044 , 0.602878869
4.79500055 , 0.602272213
4.80000019 , 0.602953374
4.80500031 , 0.602346241
4.81000042 , 0.602867365
4.81500053 , 0.603387833
4.82000017 , 0.600845695
4.82500029 , 0.598623753
4.83000040 , 0.597207606
4.83500051 , 0.596436203
4.84000015 , 0.597763240
4.84500027 , 0.598606646
4.85000038 , 0.597834647
4.85500050 , 0.597870648
4.86000013 , 0.595966220
4.86500025 , 0.595192671
4.87000036 , 0.597815931
4.87500048 , 0.598013580
4.88000011 , 0.598212123
4.88500023 , 0.598571599
4.89000034 , 0.600227952
4.89500046 , 0.601560950
4.90000057 , 0.602732778
4.90500021 , 0.603905797
4.91000032 , 0.605890453
4.91500044 , 0.607226789
4.92000055 , 0.606941462
4.92500019 , 0.608766377
4.93000031 , 0.610106051
4.93500042 , 0.609333277
4.94000053 , 0.608886063
4.94500017 , 0.609250665
4.95000029 , 0.607501268
4.95500040 , 0.607052445
4.96000051 , 0.607742548
4.96500015 , 0.609084189
4.97000027 , 0.610263944
4.97500038 , 0.610467196
4.98000050 , 0.610181808
4.98500013 , 0.609243810
4.99000025 , 0.607000768
4.99500036 , 0.609323442
5.00000048 , 0.611648560
5.00500059 , 0.613158047
5.01000023 , 0.611729622
5.01500034 , 0.611443996
5.02000046 , 0.614262819
5.02500057 , 0.615121901
5.03000021 , 0.614345789
5.03500032 , 0.613569975
5.04000044 , 0.611647725
5.04500055 , 0.609724581
5.05000019 , 0.610583603
5.05500031 , 0.611934483
5.06000042 , 0.612794399
5.06500053 , 0.612508297
5.07000017 , 0.610910058
5.07500029 , 0.610458493
5.08000040 , 0.611155808
5.08500051 , 0.612508893
5.09000015 , 0.612550259
5.09500027 , 0.612099469
5.10000038 , 0.611154914
5.10500050 , 0.611688375
5.11000013 , 0.611893892
5.11500025 , 0.611113310
5.12000036 , 0.610989392
5.12500048 , 0.611030221
5.13000059 , 0.611400306
5.13500023 , 0.612099946
5.14000034 , 0.611811578
5.14500046 , 0.610864520
5.15000057 , 0.608597636
5.15500021 , 0.606494009
5.16000032 , 0.607193351
5.16500044 , 0.609708369
5.17000055 , 0.610574007
5.17500019 , 0.611440659
5.18000031 , 0.612802565
5.18500042 , 0.615488231
5.19000053 , 0.616357327
5.19500017 , 0.615904748
5.20000029 , 0.619420588
5.20500040 , 0.620291889
5.21000051 , 0.619177222
5.21500015 , 0.618393421
5.22000027 , 0.618602872
5.22500038 , 0.618977368
5.23000050 , 0.618358552
5.23500013 , 0.615749657
5.24000025 , 0.615460992
5.24500036 , 0.614507973
5.25000048 , 0.612061262
5.25500059 , 0.611106873
5.26000023 , 0.609985530
5.26500034 , 0.608198702
5.27000046 , 0.607408226
5.27500057 , 0.607946873
5.28000021 , 0.610648334
5.28500032 , 0.613018632
5.29000044 , 0.614391923
5.29500055 , 0.614767194
5.30000019 , 0.612311780
5.30500031 , 0.610521138
5.31000042 , 0.607729793
5.31500053 , 0.604936123
5.32000017 , 0.602641165
5.32500029 , 0.600511074
5.33000040 , 0.599881351
5.33500051 , 0.598249614
5.34000015 , 0.600123644
5.34500027 , 0.599493206
5.35000038 , 0.596356630
5.35500050 , 0.595390022
5.36000061 , 0.596429408
5.36500025 , 0.597469866
5.37000036 , 0.597339571
5.37500048 , 0.595869899
5.38000059 , 0.595906079
5.38500023 , 0.595607579
5.39000034 , 0.595141292
5.39500046 , 0.592998445
5.40000057 , 0.593704879
5.40500021 , 0.593572736
5.41000032 , 0.593440831
5.41500044 , 0.592973411
5.42000055 , 0.594015419
5.42500019 , 0.593547761
5.43000031 , 0.592911541
5.43500042 , 0.592946947
5.44000053 , 0.593823075
5.44500017 , 0.594363570
5.45000029 , 0.594063163
5.45500040 , 0.593257904
5.46000051 , 0.590936601
5.46500015 , 0.588445306
5.47000027 , 0.586120427
5.47500038 , 0.583288908
5.48000050 , 0.584332764
5.48500061 , 0.585377395
5.49000025 , 0.583554983
5.49500036 , 0.581730306
5.50000048 , 0.584125817
5.50500059 , 0.586860716
5.51000023 , 0.587738991
5.51500034 , 0.590307951
5.52000046 , 0.591526151
5.52500057 , 0.591053963
5.53000021 , 0.590919971
5.53500032 , 0.589940190
5.54000044 , 0.588451385
5.54500055 , 0.588146806
5.55000019 , 0.584792793
5.55500031 , 0.581436276
5.56000042 , 0.581468046
5.56500053 , 0.582517624
5.57000017 , 0.584076583
5.57500029 , 0.585466802
5.58000040 , 0.584821582
5.58500051 , 0.582816541
5.59000063 , 0.583528519
5.59500027 , 0.582031846
5.60000038 , 0.581043959
5.60500050 , 0.580736041
5.61000061 , 0.579746485
5.61500025 , 0.580629170
5.62000036 , 0.581512153
5.62500048 , 0.581203520
5.63000059 , 0.580553830
5.63500023 , 0.579392672
5.64000034 , 0.578060329
5.64500046 , 0.575704098
5.65000057 , 0.574540257
5.65500021 , 0.575422883
5.66000032 , 0.574087441
5.66500044 , 0.573604524
5.67000055 , 0.572267294
5.67500019 , 0.570587635
5.68000031 , 0.572153866
5.68500042 , 0.573893070
5.69000053 , 0.576659441
5.69500017 , 0.578743637
5.70000029 , 0.579630792
5.70500040 , 0.579833567
5.71000051 , 0.579693913
5.71500063 , 0.582124949
5.72000027 , 0.583699942
5.72500038 , 0.584246993
5.73000050 , 0.584452271
5.73500061 , 0.583284497
5.74000025 , 0.581944048
5.74500036 , 0.581976175
5.75000048 , 0.581321776
5.75500059 , 0.583244383
5.76000023 , 0.583792746
5.76500034 , 0.585717857
5.77000046 , 0.585407674
5.77500057 , 0.585613310
5.78000021 , 0.585474849
5.78500032 , 0.587231278
5.79000044 , 0.589332461
5.79500055 , 0.592469752
5.80000019 , 0.594747305
5.80500031 , 0.597715795
5.81000042 , 0.596546471
5.81500053 , 0.596757054
5.82000065 , 0.598003447
5.82500029 , 0.596660435
5.83000040 , 0.595488369
5.83500051 , 0.595180094
5.84000063 , 0.593143463
5.84500027 , 0.591104269
5.85000038 , 0.589929402
5.85500050 , 0.587369204
5.86000061 , 0.587750018
5.86500025 , 0.588304222
5.87000036 , 0.590072036
5.87500048 , 0.590627372
5.88000059 , 0.589276433
5.88500023 , 0.587230504
5.89000034 , 0.586744785
5.89500046 , 0.583655298
5.90000057 , 0.584383190
5.90500021 , 0.584416986
5.91000032 , 0.584798217
5.91500044 , 0.585527182
5.92000055 , 0.586430669
5.92500019 , 0.585073650
5.93000031 , 0.584237635
5.93500042 , 0.585663795
5.94000053 , 0.587961257
5.94500065 , 0.589215696
5.95000029 , 0.590296805
5.95500040 , 0.588763952
5.96000051 , 0.587578893
5.96500063 , 0.587265193
5.97000027 , 0.587997735
5.97500038 , 0.588382006
5.98000050 , 0.588591933
5.98500061 , 0.588976920
5.99000025 , 0.589711249
5.99500036 , 0.590446353
6.00000048 , 0.590132296
6.00500059 , 0.590693176
6.01000023 , 0.590554357
6.01500034 , 0.588665128
6.02000046 , 0.587300003
6.02500057 , 0.588911355
6.03000021 , 0.587895572
6.03500032 , 0.587229729
6.04000044 , 0.590070546
6.04500055 , 0.592386961
6.05000019 , 0.592248261
6.05500031 , 0.593338609
6.06000042 , 0.593551636
6.06500053 , 0.593764901
6.07000065 , 0.591517329
6.07500029 , 0.590147674
6.08000040 , 0.590008140
6.08500051 , 0.589516640
6.09000063 , 0.586560786
6.09500027 , 0.586243689
6.10000038 , 0.585574031
6.10500050 , 0.584903896
6.11000061 , 0.583704412
6.11500025 , 0.584443808
6.12000036 , 0.585536420
6.12500048 , 0.586099803
6.13000059 , 0.585958421
6.13500023 , 0.585287213
6.14000034 , 0.584792018
6.14500046 , 0.584296465
6.15000057 , 0.583623469
6.15500021 , 0.582066357
6.16000032 , 0.581215560
6.16500044 , 0.581602693
6.17000055 , 0.580396950
6.17500067 , 0.578836203
6.18000031 , 0.577982545
6.18500042 , 0.577305973
6.19000053 , 0.576451361
6.19500065 , 0.576305687
6.20000029 , 0.576159775
6.20500040 , 0.576546311
6.21000051 , 0.578353107
6.21500063 , 0.579095781
6.22000027 , 0.577884614
6.22500038 , 0.578627765
6.23000050 , 0.578837514
6.23500061 , 0.576380551
6.24000025 , 0.575522602
6.24500036 , 0.574485958
6.25000048 , 0.575585425
6.25500059 , 0.575972676
6.26000023 , 0.575826049
6.26500034 , 0.574075401
6.27000046 , 0.572323263
6.27500057 , 0.569499552
6.28000021 , 0.568993747
6.28500032 , 0.569736719
6.29000044 , 0.568873227
6.29500055 , 0.568545103
6.30000067 , 0.567858994
6.30500031 , 0.566815197
6.31000042 , 0.567022264
6.31500053 , 0.567586839
6.32000065 , 0.569405258
6.32500029 , 0.568897784
6.33000040 , 0.567852199
6.33500051 , 0.564656615
6.34000063 , 0.563070953
6.34500027 , 0.563457251
6.35000038 , 0.562766552
6.35500050 , 0.560998857
6.36000061 , 0.562820196
6.36500025 , 0.563206136
6.37000036 , 0.563592374
6.37500048 , 0.563619614
6.38000059 , 0.563287437
6.38500023 , 0.564033687
6.39000034 , 0.564600945
6.39500046 , 0.561389327
6.40000057 , 0.557456076
6.40500069 , 0.558201373
6.41000032 , 0.557145894
6.41500044 , 0.558612406
6.42000055 , 0.560440481
6.42500067 , 0.560827315
6.43000031 , 0.563198626
6.43500042 , 0.565391421
6.44000053 , 0.565780878
6.44500065 , 0.565628290
6.45000029 , 0.566198468
6.45500040 , 0.564419568
6.46000051 , 0.564989865
6.46500063 , 0.563932002
6.47000027 , 0.562874079
6.47500038 , 0.562358737
6.48000050 , 0.564377189
6.48500061 , 0.564767063
6.49000025 , 0.563888907
6.49500036 , 0.565004349
6.50000048 , 0.564669549
6.50500059 , 0.565060258
6.51000023 , 0.564906955
6.51500034 , 0.564753473
6.52000046 , 0.563328505
6.52500057 , 0.561539054
6.53000069 , 0.561929703
6.53500032 , 0.560319722
6.54000044 , 0.561074138
6.54500055 , 0.561828315
6.55000067 , 0.562037170
6.55500031 , 0.562428534
6.56000042 , 0.563913047
6.56500053 , 0.564851403
6.57000065 , 0.565608144
6.57500029 , 0.565454900
6.58000040 , 0.564935982
6.58500051 , 0.565693617
6.59000063 , 0.565540016
6.59500027 , 0.566846430
6.60000038 , 0.567423224
6.60500050 , 0.569463253
6.61000061 , 0.570772648
6.61500025 , 0.571534932
6.62000036 , 0.570101857
6.62500048 , 0.570131719
6.63000059 , 0.570528388
6.63500071 , 0.569459677
6.64000034 , 0.569672644
6.64500046 , 0.571535945
6.65000057 , 0.571016908
6.65500069 , 0.568845809
6.66000032 , 0.567223966
6.66500044 , 0.566335440
6.67000055 , 0.565996945
6.67500067 , 0.568414390
6.68000031 , 0.568811119
6.68500042 , 0.570127845
6.69000053 , 0.571813762
6.69500065 , 0.573132575
6.70000029 , 0.574636757
6.70500040 , 0.574668944
6.71000051 , 0.574700713
6.71500063 , 0.574364305
6.72000027 , 0.576239824
6.72500038 , 0.577747405
6.73000050 , 0.578703284
6.73500061 , 0.578737140
6.74000025 , 0.577109039
6.74500036 , 0.574556589
6.75000048 , 0.574588656
6.75500059 , 0.575360358
6.76000071 , 0.576317132
6.76500034 , 0.575795174
6.77000046 , 0.573607028
6.77500057 , 0.573639214
6.78000069 , 0.572560072
6.78500032 , 0.571665108
6.79000044 , 0.571511090
6.79500055 , 0.572654724
6.80000067 , 0.572315037
6.80500031 , 0.571604550
6.81000042 , 0.570150733
6.81500053 , 0.571295500
6.82000065 , 0.573183894
6.82500029 , 0.574330509
6.83000040 , 0.575478256
6.83500051 , 0.576068521
6.84000063 , 0.575543225
6.84500027 , 0.575948417
6.85000038 , 0.575981617
6.85500050 , 0.574151576
6.86000061 , 0.571948588
6.86500025 , 0.570116341
6.87000036 , 0.567163944
6.87500048 , 0.564769208
6.88000059 , 0.563864529
6.88500071 , 0.561279893
6.89000034 , 0.561680734
6.89500046 , 0.560214102
6.90000057 , 0.560988665
6.90500069 , 0.560828447
6.91000032 , 0.559546828
6.91500044 , 0.560696244
6.92000055 , 0.561472356
6.92500067 , 0.562435865
6.93000031 , 0.561152577
6.93500042 , 0.561929822
6.94000053 , 0.562519908
6.94500065 , 0.561235130
6.95000029 , 0.559762120
6.95500040 , 0.557349384
6.96000051 , 0.555122674
6.96500063 , 0.553645670
6.97000027 , 0.553482234
6.97500038 , 0.552191138
6.98000050 , 0.552027285
6.98500061 , 0.552051604
6.99000072 , 0.551510751
6.99500036 , 0.553982019
7.00000048 , 0.557208240
7.00500059 , 0.557799220
7.01000071 , 0.556506336
7.01500034 , 0.555212498
7.02000046 , 0.555615067
7.02500057 , 0.555263460
7.03000069 , 0.555854976
7.03500032 , 0.556824625
7.04000044 , 0.555906296
7.04500055 , 0.555554092
7.05000067 , 0.553689122
7.05500031 , 0.552390277
7.06000042 , 0.551847041
7.06500053 , 0.550357282
7.07000065 , 0.548865914
7.07500029 , 0.548510134
7.08000040 , 0.549669743
7.08500051 , 0.549693465
7.09000063 , 0.548958123
7.09500027 , 0.547653198
7.10000038 , 0.546157837
7.10500050 , 0.545230687
7.11000061 , 0.545632064
7.11500072 , 0.544704080
7.12000036 , 0.543395102
7.12500048 , 0.542275310
7.13000059 , 0.540012896
7.13500071 , 0.538320065
7.14000034 , 0.537197173
7.14500046 , 0.538548589
7.15000057 , 0.539901376
7.15500069 , 0.542398632
7.16000032 , 0.544897735
7.16500044 , 0.547971189
7.17000055 , 0.548375666
7.17500067 , 0.548207760
7.18000031 , 0.548039913
7.18500042 , 0.545578957
7.19000053 , 0.543881118
7.19500065 , 0.544284701
7.20000029 , 0.544306040
7.20500040 , 0.545284152
7.21000051 , 0.546837389
7.21500063 , 0.549732089
7.22000074 , 0.549372494
7.22500038 , 0.548246145
7.23000050 , 0.546160579
7.23500061 , 0.547333300
7.24000072 , 0.547739625
7.24500036 , 0.548146725
7.25000048 , 0.547401845
7.25500059 , 0.548000574
7.26000071 , 0.546870589
7.26500034 , 0.545355380
7.27000046 , 0.545569539
7.27500057 , 0.545399189
7.28000069 , 0.547730744
7.28500032 , 0.550448954
7.29000044 , 0.551821530
7.29500055 , 0.552616954
7.30000067 , 0.552449048
7.30500031 , 0.551316679
7.31000042 , 0.551148355
7.31500053 , 0.550979495
7.32000065 , 0.551582992
7.32500029 , 0.551414549
7.33000040 , 0.552598119
7.33500051 , 0.552429795
7.34000063 , 0.551874459
7.34500074 , 0.551706016
7.35000038 , 0.550763071
7.35500050 , 0.550012827
7.36000061 , 0.548874795
7.36500072 , 0.548704565
7.37000036 , 0.547177434
7.37500048 , 0.546036899
7.38000059 , 0.547029257
7.38500071 , 0.546275914
7.39000034 , 0.545910180
7.39500046 , 0.546903908
7.40000057 , 0.547120750
7.40500069 , 0.545394242
7.41000032 , 0.541527748
7.41500044 , 0.538436055
7.42000055 , 0.537871659
7.42500067 , 0.536723137
7.43000031 , 0.535573184
7.43500042 , 0.536176026
7.44000053 , 0.535999775
7.44500065 , 0.535823345
7.45000076 , 0.535841882
7.45500040 , 0.534884512
7.46000051 , 0.537440300
7.46500063 , 0.537459612
7.47000074 , 0.537088096
7.47500038 , 0.536716104
7.48000050 , 0.537126482
7.48500061 , 0.540275395
7.49000072 , 0.542448163
7.49500036 , 0.543839753
7.50000048 , 0.547974288
7.50500059 , 0.546822131
7.51000071 , 0.543120921
7.51500034 , 0.542946458
7.52000046 , 0.542379498
7.52500057 , 0.538868308
7.53000069 , 0.536532462
7.53500032 , 0.534587383
7.54000044 , 0.532640874
7.54500055 , 0.532265186
7.55000067 , 0.531102419
7.55500031 , 0.529939175
7.56000042 , 0.531333208
7.56500053 , 0.533515096
7.57000065 , 0.535502374
7.57500076 , 0.537294030
7.58000040 , 0.537510276
7.58500051 , 0.539304912
7.59000063 , 0.538930178
7.59500074 , 0.538358152
7.60000038 , 0.536206365
7.60500050 , 0.536422551
7.61000061 , 0.536046624
7.61500072 , 0.536658287
7.62000036 , 0.537270606
7.62500048 , 0.539070427
7.63000059 , 0.540871382
7.63500071 , 0.540100455
7.64000034 , 0.540913343
7.64500046 , 0.542122960
7.65000057 , 0.542540789
7.65500069 , 0.544347107
7.66000032 , 0.544567823
7.66500044 , 0.544589996
7.67000055 , 0.544016659
7.67500067 , 0.542847037
7.68000031 , 0.541478038
7.68500042 , 0.540107608
7.69000053 , 0.539531410
7.69500065 , 0.536965311
7.70000076 , 0.539771259
7.70500040 , 0.540986538
7.71000051 , 0.541804135
7.71500063 , 0.542821825
7.72000074 , 0.543442011
7.72500038 , 0.541469455
7.73000050 , 0.540094018
7.73500061 , 0.536122859
7.74000072 , 0.535343170
7.74500036 , 0.535162210
7.75000048 , 0.535180688
7.75500059 , 0.536598802
7.76000071 , 0.539818227
7.76500034 , 0.541839838
7.77000046 , 0.543262482
7.77500057 , 0.542283297
7.78000069 , 0.540301502
7.78500032 , 0.537917376
7.79000044 , 0.535731673
7.79500055 , 0.533143342
7.80000067 , 0.531956971
7.80500078 , 0.533781350
7.81000042 , 0.535004199
7.81500053 , 0.534420371
7.82000065 , 0.535443485
7.82500076 , 0.536065876
7.83000040 , 0.535481691
7.83500051 , 0.534695685
7.84000063 , 0.532097042
7.84500074 , 0.532718837
7.85000038 , 0.531326354
7.85500050 , 0.531545401
7.86000061 , 0.532167315
7.86500072 , 0.531781495
7.87000036 , 0.529377103
7.87500048 , 0.529999256
7.88000059 , 0.532439947
7.88500071 , 0.532255650
7.89000034 , 0.532677770
7.89500046 , 0.531481981
7.90000057 , 0.530083239
7.90500069 , 0.528885543
7.91000032 , 0.530319333
7.91500044 , 0.526892483
7.92000055 , 0.525894701
7.92500067 , 0.526721358
7.93000078 , 0.526127934
7.93500042 , 0.526954770
7.94000053 , 0.529000342
7.94500065 , 0.529017389
7.95000076 , 0.526798308
7.95500040 , 0.524984598
7.96000051 , 0.523779392
7.96500063 , 0.522369683
7.97000074 , 0.522180319
7.97500038 , 0.520972192
7.98000050 , 0.522614717
7.98500061 , 0.523647070
7.99000072 , 0.527942300
7.99500036 , 0.531221271
8.00000095 , 0.530218184
8.00500011 , 0.529622912
8.01000023 , 0.528414845
8.01500034 , 0.527205527
8.02000046 , 0.526199400
8.02500057 , 0.525601149
8.03000069 , 0.525207579
8.03500080 , 0.525018156
8.04000092 , 0.525032699
8.04500103 , 0.525048018
8.05000019 , 0.525267601
8.05500031 , 0.524257839
8.06000042 , 0.525502563
8.06500053 , 0.525928020
8.07000065 , 0.527584791
8.07500076 , 0.529243290
8.08000088 , 0.528849304
8.08500099 , 0.526400268
8.09000015 , 0.526210070
8.09500027 , 0.526226044
8.10000038 , 0.524183810
8.10500050 , 0.523375273
8.11000061 , 0.523595393
8.11500072 , 0.523403764
8.12000084 , 0.522593617
8.12500095 , 0.522195458
8.13000011 , 0.519115508
8.13500023 , 0.517890096
8.14000034 , 0.517695546
8.14500046 , 0.515436292
8.15000057 , 0.514621019
8.15500069 , 0.518145144
8.16000080 , 0.520845413
8.16500092 , 0.521065235
8.17000103 , 0.520664990
8.17500019 , 0.521713078
8.18000031 , 0.523384035
8.18500042 , 0.524226964
8.19000053 , 0.525278449
8.19500065 , 0.526122868
8.20000076 , 0.526553154
8.20500088 , 0.525946438
8.21000099 , 0.523262322
8.21500015 , 0.521615088
8.22000027 , 0.521004975
8.22500038 , 0.519563317
8.23000050 , 0.518328130
8.23500061 , 0.518964887
8.24000072 , 0.519393504
8.24500084 , 0.519197881
8.25000095 , 0.519002497
8.25500011 , 0.517139196
8.26000023 , 0.517776549
8.26500034 , 0.519666076
8.27000046 , 0.519470096
8.27500057 , 0.518439353
8.28000069 , 0.519704938
8.28500080 , 0.520344853
8.29000092 , 0.521194339
8.29500103 , 0.519953191
8.30000019 , 0.517873466
8.30500031 , 0.517885804
8.31000042 , 0.518735528
8.31500053 , 0.517909646
8.32000065 , 0.515826225
8.32500076 , 0.514579356
8.33000088 , 0.512912035
8.33500099 , 0.512292445
8.34000015 , 0.513351917
8.34500027 , 0.512732208
8.35000038 , 0.515053749
8.35500050 , 0.514644384
8.36000061 , 0.513603449
8.36500072 , 0.514034927
8.37000084 , 0.514466047
8.37500095 , 0.513845086
8.38000107 , 0.514909387
8.38500023 , 0.516606510
8.39000034 , 0.517883241
8.39500046 , 0.517684698
8.40000057 , 0.516219437
8.40500069 , 0.515597582
8.41000080 , 0.515397727
8.41500092 , 0.515408635
8.42000103 , 0.515208781
8.42500019 , 0.515219748
8.43000031 , 0.512057066
8.43500042 , 0.508891582
8.44000053 , 0.506358683
8.44500065 , 0.506578028
8.45000076 , 0.507432878
8.45500088 , 0.506380618
8.46000099 , 0.505751610
8.46500015 , 0.505546391
8.47000027 , 0.504279613
8.47500038 , 0.503223896
8.48000050 , 0.503442526
8.48500061 , 0.503023148
8.49000072 , 0.504305363
8.49500084 , 0.504524589
8.50000095 , 0.504531324
8.50500107 , 0.505389810
8.51000023 , 0.504757762
8.51500034 , 0.503698170
8.52000046 , 0.504130960
8.52500057 , 0.504777610
8.53000069 , 0.505424619
8.53500080 , 0.505004644
8.54000092 , 0.506506383
8.54500103 , 0.505872846
8.55000019 , 0.505665839
8.55500031 , 0.506742954
8.56000042 , 0.506322682
8.56500053 , 0.504617035
8.57000065 , 0.505052030
8.57500076 , 0.504630506
8.58000088 , 0.505709112
8.58500099 , 0.504644096
8.59000015 , 0.506366968
8.59500027 , 0.506803632
8.60000038 , 0.506596684
8.60500050 , 0.506389499
8.61000061 , 0.506826401
8.61500072 , 0.509844661
8.62000084 , 0.513511062
8.62500095 , 0.515243530
8.63000107 , 0.515254676
8.63500023 , 0.515696764
8.64000034 , 0.514415503
8.64500046 , 0.513348460
8.65000057 , 0.512064517
8.65500069 , 0.509053469
8.66000080 , 0.507982731
8.66500092 , 0.509719193
8.67000103 , 0.509079516
8.67500019 , 0.509088218
8.68000031 , 0.506934464
8.68500042 , 0.506293178
8.69000053 , 0.503702998
8.69500065 , 0.502409995
8.70000076 , 0.501765668
8.70500088 , 0.503071606
8.71000099 , 0.504161894
8.71500015 , 0.506120861
8.72000027 , 0.508949637
8.72500038 , 0.509827018
8.73000050 , 0.507446527
8.73500061 , 0.507672012
8.74000072 , 0.507462561
8.74500084 , 0.504642963
8.75000095 , 0.502908766
8.75500107 , 0.504438698
8.76000023 , 0.503138065
8.76500034 , 0.501183450
8.77000046 , 0.500534594
8.77500057 , 0.498576671
8.78000069 , 0.497926265
8.78500080 , 0.498366624
8.79000092 , 0.499025553
8.79500103 , 0.497500658
8.80000019 , 0.495755672
8.80500031 , 0.496633321
8.81000042 , 0.495761096
8.81500053 , 0.498390615
8.82000065 , 0.499927640
8.82500076 , 0.501246810
8.83000088 , 0.499936938
8.83500099 , 0.500160992
8.84000015 , 0.500604451
8.84500027 , 0.501926243
8.85000038 , 0.501931846
8.85500050 , 0.501718044
8.86000061 , 0.498646736
8.86500072 , 0.495572865
8.87000084 , 0.494475663
8.87500095 , 0.492497444
8.88000107 , 0.489196211
8.88500023 , 0.488095462
8.89000034 , 0.486772507
8.89500046 , 0.487432569
8.90000057 , 0.487872690
8.90500069 , 0.487871915
8.91000080 , 0.486546814
8.91500092 , 0.488754034
8.92000103 , 0.487869799
8.92500019 , 0.486984998
8.93000031 , 0.486320466
8.93500042 , 0.484327674
8.94000053 , 0.484546572
8.94500065 , 0.482994765
8.95000076 , 0.480554432
8.95500088 , 0.480328709
8.96000099 , 0.480768055
8.96500111 , 0.480764270
8.97000027 , 0.481204063
8.97500038 , 0.484087110
8.98000050 , 0.485195488
8.98500061 , 0.485193461
8.99000072 , 0.486748457
8.99500084 , 0.485189557
9.00000095 , 0.485410333
9.00500107 , 0.485408634
9.01000023 , 0.484293044
9.01500034 , 0.483845115
9.02000046 , 0.483173579
9.02500057 , 0.484508991
9.03000069 , 0.484952956
9.03500080 , 0.483164996
9.04000092 , 0.483385354
9.04500103 , 0.484500021
9.05000019 , 0.487404376
9.05500031 , 0.489192784
9.06000042 , 0.490087807
9.06500053 , 0.489192724
9.07000065 , 0.488296539
9.07500076 , 0.487848133
9.08000088 , 0.488071531
9.08500099 , 0.487397999
9.09000111 , 0.487396985
9.09500027 , 0.487845361
9.10000038 , 0.486047864
9.10500050 , 0.485596389
9.11000061 , 0.487393200
9.11500072 , 0.487392217
9.12000084 , 0.488516599
9.12500095 , 0.488290995
9.13000107 , 0.488740951
9.13500023 , 0.490543187
9.14000034 , 0.491896212
9.14500046 , 0.492799550
9.15000057 , 0.491673052
9.15500069 , 0.490319669
9.16000080 , 0.490320027
9.16500092 , 0.489190698
9.17000103 , 0.487608075
9.17500019 , 0.486928761
9.18000031 , 0.488737583
9.18500042 , 0.490095586
9.19000053 , 0.489869684
9.19500065 , 0.489416540
9.20000076 , 0.488509744
9.20500088 , 0.487602174
9.21000099 , 0.487374216
9.21500111 , 0.486692667
9.22000027 , 0.485556066
9.22500038 , 0.484645128
9.23000050 , 0.485097319
9.23500061 , 0.487597018
9.24000072 , 0.486686170
9.24500084 , 0.485318989
9.25000095 , 0.487367094
9.25500107 , 0.488960803
9.26000023 , 0.490328491
9.26500034 , 0.489416748
9.27000046 , 0.486906737
9.27500057 , 0.485764295
9.28000069 , 0.483707041
9.28500080 , 0.484161943
9.29000092 , 0.483473212
9.29500103 , 0.484384984
9.30000019 , 0.484382629
9.30500031 , 0.484609336
9.31000042 , 0.484836131
9.31500053 , 0.485750943
9.32000065 , 0.485978216
9.32500076 , 0.484600306
9.33000088 , 0.486204445
9.33500099 , 0.487121016
9.34000111 , 0.486660719
9.34500027 , 0.484591544
9.35000038 , 0.483209819
9.35500050 , 0.485736430
9.36000061 , 0.484584481
9.36500072 , 0.482280105
9.37000084 , 0.481355608
9.37500095 , 0.482273698
9.38000107 , 0.481117666
9.38500023 , 0.481113702
9.39000034 , 0.481340289
9.39500046 , 0.483876079
9.40000057 , 0.485490412
9.40500069 , 0.484795332
9.41000080 , 0.484330744
9.41500092 , 0.483865410
9.42000103 , 0.483631372
9.42500019 , 0.481545031
9.43000031 , 0.478762060
9.43500042 , 0.477598459
9.44000053 , 0.479911149
9.44500065 , 0.479906529
9.45000076 , 0.479669929
9.45500088 , 0.480594009
9.46000099 , 0.479428589
9.46500111 , 0.480818123
9.47000027 , 0.482674062
9.47500038 , 0.484531909
9.48000050 , 0.482900470
9.48500061 , 0.483363003
9.49000072 , 0.482894033
9.49500084 , 0.483590245
9.50000095 , 0.485686094
9.50500107 , 0.484517664
9.51000023 , 0.484281898
9.51500034 , 0.485680550
9.52000046 , 0.486846745
9.52500057 , 0.488949060
9.53000069 , 0.489650428
9.53500080 , 0.490586400
9.54000092 , 0.491523296
9.54500103 , 0.491524279
9.55000114 , 0.491759330
9.55500031 , 0.492229223
9.56000042 , 0.492230743
9.56500053 , 0.493405133
9.57000065 , 0.494815707
9.57500076 , 0.496226847
9.58000088 , 0.496230274
9.58500099 , 0.497408807
9.59000111 , 0.499058872
9.59500027 , 0.499534726
9.60000038 , 0.498833030
9.60500050 , 0.497895330
9.61000061 , 0.495307475
9.61500072 , 0.495074868
9.62000084 , 0.495784849
9.62500095 , 0.496259868
9.63000107 , 0.498860091
9.63500023 , 0.498864532
9.64000034 , 0.499105424
9.64500046 , 0.497455299
9.65000057 , 0.495566875
9.65500069 , 0.492729932
9.66000080 , 0.491073996
9.66500092 , 0.490127444
9.67000103 , 0.489416629
9.67500114 , 0.488941997
9.68000031 , 0.487518609
9.68500042 , 0.489653975
9.69000053 , 0.487516850
9.69500065 , 0.488703847
9.70000076 , 0.488941163
9.70500088 , 0.491081208
9.71000099 , 0.490130275
9.71500111 , 0.490844518
9.72000027 , 0.490607113
9.72500038 , 0.489893019
9.73000050 , 0.489893198
9.73500061 , 0.488939196
9.74000072 , 0.489655018
9.74500084 , 0.490132630
9.75000095 , 0.491566241
9.75500107 , 0.493718088
9.76000023 , 0.494198322
9.76500034 , 0.493722111
9.77000046 , 0.492766917
9.77500057 , 0.489655674
9.78000069 , 0.491332978
9.78500080 , 0.490614772
9.79000092 , 0.489176631
9.79500103 , 0.488697112
9.80000114 , 0.488696367
9.80500031 , 0.488215834
9.81000042 , 0.488455504
9.81500053 , 0.487253010
9.82000065 , 0.487733126
9.82500076 , 0.489176035
9.83000088 , 0.490620196
9.83500099 , 0.492307186
9.84000111 , 0.493272245
9.84500027 , 0.493274212
9.85000038 , 0.491587579
9.85500050 , 0.490140557
9.86000061 , 0.489657998
9.86500072 , 0.489416689
9.87000084 , 0.488691330
9.87500095 , 0.488932937
9.88000107 , 0.490142375
9.88500023 , 0.492563009
9.89000034 , 0.494017631
9.89500046 , 0.494262427
9.90000057 , 0.495234311
9.90500069 , 0.496207297
9.91000080 , 0.494512260
9.91500092 , 0.491844058
9.92000103 , 0.489902288
9.92500114 , 0.488201469
9.93000031 , 0.488443851
9.93500042 , 0.489903033
9.94000053 , 0.489903212
9.94500065 , 0.490146905
9.95000076 , 0.492826909
9.95500088 , 0.493803859
9.96000099 , 0.493561953
9.96500111 , 0.495028198
9.97000027 , 0.494786769
9.97500038 , 0.496010691
9.98000050 , 0.497235298
9.98500061 , 0.496506065
9.99000072 , 0.496020198
9.99500084 , 0.495289743
10.0000010 , 0.493823409
10.0050011 , 0.491620958
10.0100012 , 0.492112488
10.0150003 , 0.492358923
10.0200005 , 0.494568557
10.0250006 , 0.497025371
10.0300007 , 0.496783555
10.0350008 , 0.497524261
10.0400009 , 0.497036934
10.0450010 , 0.497778535
10.0500011 , 0.499505132
10.0550003 , 0.500987172
10.0600004 , 0.501485407
10.0650005 , 0.501984656
10.0700006 , 0.499525487
10.0750008 , 0.498297215
10.0800009 , 0.496574163
10.0850010 , 0.496824563
10.0900011 , 0.497322291
10.0950003 , 0.498562068
10.1000004 , 0.499061316
10.1050005 , 0.499808818
10.1100006 , 0.503032207
10.1150007 , 0.504029453
10.1200008 , 0.503541589
10.1250010 , 0.504788220
10.1300011 , 0.505292177
10.1350012 , 0.504803956
10.1400003 , 0.505308032
10.1450005 , 0.504322469
10.1500006 , 0.500601768
10.1550007 , 0.497374386
10.1600008 , 0.495139211
10.1650009 , 0.495640039
10.1700010 , 0.494895935
10.1750011 , 0.493901879
10.1800003 , 0.494402856
10.1850004 , 0.494904250
10.1900005 , 0.495905608
10.1950006 , 0.495659173
10.2000008 , 0.494912833
10.2050009 , 0.494915694
10.2100010 , 0.495918959
10.2150011 , 0.493670195
10.2200003 , 0.493672341
10.2250004 , 0.492922992
10.2300005 , 0.491170555
10.2350006 , 0.491171837
10.2400007 , 0.490419954
10.2450008 , 0.491926491
10.2500010 , 0.491676509
10.2550011 , 0.491426498
10.2600012 , 0.491679072
10.2650003 , 0.488410532
10.2700005 , 0.487906784
10.2750006 , 0.486143827
10.2800007 , 0.485386491
10.2850008 , 0.486644328
10.2900009 , 0.490425199
10.2950010 , 0.492948323
10.3000011 , 0.494464934
10.3050003 , 0.493204802
10.3100004 , 0.492701232
10.3150005 , 0.494725555
10.3200006 , 0.494727999
10.3250008 , 0.495743245
10.3300009 , 0.495492995
10.3350010 , 0.495496392
10.3400011 , 0.493218333
10.3450003 , 0.491445333
10.3500004 , 0.491699904
10.3550005 , 0.491701514
10.3600006 , 0.491194457
10.3650007 , 0.491957814
10.3700008 , 0.491958946
10.3750010 , 0.489671141
10.3800011 , 0.488907963
10.3850012 , 0.487379402
10.3900003 , 0.485340387
10.3950005 , 0.485338151
10.4000006 , 0.485080928
10.4050007 , 0.484568208
10.4100008 , 0.485076368
10.4150009 , 0.485585153
10.4200010 , 0.485327512
10.4250011 , 0.488138139
10.4300003 , 0.490695685
10.4350004 , 0.493512034
10.4400005 , 0.494282633
10.4450006 , 0.493772805
10.4500008 , 0.495312959
10.4550009 , 0.494033605
10.4600010 , 0.492752969
10.4650011 , 0.490186870
10.4700003 , 0.489930511
10.4750004 , 0.489930630
10.4800005 , 0.489930987
10.4850006 , 0.489416480
10.4900007 , 0.487356961
10.4950008 , 0.489416420
10.5000010 , 0.488385797
10.5050011 , 0.488900900
10.5100012 , 0.490190387
10.5150003 , 0.490190744
10.5200005 , 0.493807137
10.5250006 , 0.494067788
10.5300007 , 0.494587392
10.5350008 , 0.496659458
10.5400009 , 0.497957349
10.5450010 , 0.499515921
10.5500011 , 0.499261975
10.5550003 , 0.501081586
10.5600004 , 0.501347363
10.5650005 , 0.501872599
10.5700006 , 0.502658188
10.5750008 , 0.504223585
10.5800009 , 0.506310880
10.5850010 , 0.506579995
10.5900011 , 0.504507661
10.5950012 , 0.502953470
10.6000004 , 0.502700388
10.6050005 , 0.501925707
10.6100006 , 0.500367939
10.6150007 , 0.500373542
10.6200008 , 0.499596447
10.6250010 , 0.498034656
10.6300011 , 0.496994287
10.6350012 , 0.494645387
10.6400003 , 0.493078768
10.6450005 , 0.490987122
10.6500006 , 0.490464002
10.6550007 , 0.488892734
10.6600008 , 0.488892287
10.6650009 , 0.489154100
10.6700010 , 0.486792296
10.6750011 , 0.487316251
10.6800003 , 0.487314820
10.6850004 , 0.487576783
10.6900005 , 0.485997707
10.6950006 , 0.483890712
10.7000008 , 0.484151125
10.7050009 , 0.484411746
10.7100010 , 0.483618438
10.7150011 , 0.484669954
10.7200012 , 0.484139979
10.7250004 , 0.484664857
10.7300005 , 0.485982895
10.7350006 , 0.489680976
10.7400007 , 0.492589444
10.7450008 , 0.492591262
10.7500010 , 0.493122399
10.7550011 , 0.495242894
10.7600012 , 0.495775789
10.7650003 , 0.492863148
10.7700005 , 0.491803855
10.7750006 , 0.489947379
10.7800007 , 0.487823188
10.7850008 , 0.483571202
10.7900009 , 0.482770264
10.7950010 , 0.482234836
10.8000011 , 0.481964678
10.8050003 , 0.480629534
10.8100004 , 0.479559124
10.8150005 , 0.480620056
10.8200006 , 0.478214800
10.8250008 , 0.478742450
10.8300009 , 0.481673449
10.8350010 , 0.485676467
10.8400011 , 0.485674411
10.8450012 , 0.483800471
10.8500004 , 0.482726961
10.8550005 , 0.484329760
10.8600006 , 0.483791232
10.8650007 , 0.484592319
10.8700008 , 0.486198664
10.8750010 , 0.487806410
10.8800011 , 0.489953399
10.8850012 , 0.488879442
10.8900003 , 0.489416540
10.8950005 , 0.489147931
10.9000006 , 0.487264156
10.9050007 , 0.488608956
10.9100008 , 0.489147216
10.9150009 , 0.490764081
10.9200010 , 0.493461490
10.9250011 , 0.492114544
10.9300003 , 0.490226448
10.9350004 , 0.489956766
10.9400005 , 0.489686638
10.9450006 , 0.489686936
10.9500008 , 0.490769267
10.9550009 , 0.493206263
10.9600010 , 0.494562715
10.9650011 , 0.495920479
10.9700012 , 0.494839549
10.9750004 , 0.492129356
10.9800005 , 0.490230858
10.9850006 , 0.489145070
10.9900007 , 0.486970901
10.9950008 , 0.486153781
11.0000010 , 0.486696154
11.0050011 , 0.488599837
11.0100012 , 0.490505904
11.0150003 , 0.491051465
11.0200005 , 0.491597921
11.0250006 , 0.490780652
11.0300007 , 0.491327375
11.0350008 , 0.489143461
11.0400009 , 0.488870114
11.0450010 , 0.488049358
11.0500011 , 0.486681074
11.0550013 , 0.485310614
11.0600004 , 0.486403704
11.0650005 , 0.487224281
11.0700006 , 0.487223119
11.0750008 , 0.485850245
11.0800009 , 0.482005328
11.0850010 , 0.480902553
11.0900011 , 0.481996924
11.0950012 , 0.483642489
11.1000004 , 0.481988728
11.1050005 , 0.480057478
11.1100006 , 0.477573574
11.1150007 , 0.479220629
11.1200008 , 0.477836132
11.1250010 , 0.478657067
11.1300011 , 0.479203105
11.1350012 , 0.478921294
11.1400003 , 0.480297089
11.1450005 , 0.481397986
11.1500006 , 0.482499808
11.1550007 , 0.482773125
11.1600008 , 0.484430879
11.1650009 , 0.482765257
11.1700010 , 0.484425664
11.1750011 , 0.484145284
11.1800013 , 0.483586758
11.1850004 , 0.481639296
11.1900005 , 0.482468367
11.1950006 , 0.480240256
11.2000008 , 0.479956627
11.2050009 , 0.479672700
11.2100010 , 0.477160364
11.2150011 , 0.476316929
11.2200012 , 0.476867408
11.2250004 , 0.475744039
11.2300005 , 0.474061340
11.2350006 , 0.473772943
11.2400007 , 0.472087443
11.2450008 , 0.471518070
11.2500010 , 0.471507668
11.2550011 , 0.471777439
11.2600012 , 0.471206993
11.2650003 , 0.472878397
11.2700005 , 0.473710269
11.2750006 , 0.473140270
11.2800007 , 0.474815369
11.2850008 , 0.476211727
11.2900009 , 0.474517584
11.2950010 , 0.472258836
11.3000011 , 0.471404523
11.3050013 , 0.470549464
11.3100004 , 0.469129950
11.3150005 , 0.469963849
11.3200006 , 0.471927255
11.3250008 , 0.472763926
11.3300009 , 0.473883927
11.3350010 , 0.475853086
11.3400011 , 0.477541685
11.3450012 , 0.478383482
11.3500004 , 0.478093982
11.3550005 , 0.478370488
11.3600006 , 0.478364408
11.3650007 , 0.476940036
11.3700008 , 0.475798160
11.3750010 , 0.473803043
11.3800011 , 0.473225802
11.3850012 , 0.473500550
11.3900003 , 0.472353965
11.3950005 , 0.472059309
11.4000006 , 0.470625699
11.4050007 , 0.473178744
11.4100008 , 0.476874650
11.4150009 , 0.480860323
11.4200010 , 0.484279960
11.4250011 , 0.485704541
11.4300013 , 0.484559387
11.4350004 , 0.484842747
11.4400005 , 0.482838035
11.4450006 , 0.482547492
11.4500008 , 0.481111825
11.4550009 , 0.481966436
11.4600010 , 0.481101751
11.4650011 , 0.484539539
11.4700012 , 0.487120032
11.4750004 , 0.487118840
11.4800005 , 0.487692416
11.4850006 , 0.486828417
11.4900007 , 0.487114668
11.4950008 , 0.487401456
11.5000010 , 0.486824036
11.5050011 , 0.484805048
11.5100012 , 0.486244112
11.5150003 , 0.486242205
11.5200005 , 0.489127785
11.5250006 , 0.489127725
11.5300007 , 0.491151184
11.5350008 , 0.491730690
11.5400009 , 0.492600113
11.5450010 , 0.492022872
11.5500011 , 0.490575552
11.5550013 , 0.489416420
11.5600004 , 0.488256127
11.5650005 , 0.487094343
11.5700006 , 0.488835692
11.5750008 , 0.489416629
11.5800009 , 0.488835126
11.5850010 , 0.490580589
11.5900011 , 0.492909998
11.5950012 , 0.494077653
11.6000004 , 0.494080395
11.6050005 , 0.495249897
11.6100006 , 0.493794292
11.6150007 , 0.489416540
11.6200008 , 0.487663299
11.6250010 , 0.485908151
11.6300011 , 0.484150797
11.6350012 , 0.483562171
11.6400013 , 0.482972890
11.6450005 , 0.483848274
11.6500006 , 0.483845174
11.6550007 , 0.485602289
11.6600008 , 0.486774355
11.6650009 , 0.485891312
11.6700010 , 0.483831704
11.6750011 , 0.482063591
11.6800013 , 0.482353508
11.6850004 , 0.482643723
11.6900005 , 0.483228832
11.6950006 , 0.481751084
11.7000008 , 0.482041478
11.7050009 , 0.482627362
11.7100010 , 0.482623160
11.7150011 , 0.482323557
11.7200012 , 0.481727779
11.7250004 , 0.481131434
11.7300005 , 0.479053885
11.7350006 , 0.479343802
11.7400007 , 0.478744924
11.7450008 , 0.482594222
11.7500010 , 0.485558212
11.7550011 , 0.488822520
11.7600012 , 0.492090970
11.7650013 , 0.493876725
11.7700005 , 0.492689341
11.7750006 , 0.492691070
11.7800007 , 0.495374441
11.7850008 , 0.495675981
11.7900009 , 0.493890315
11.7950010 , 0.492102236
11.8000011 , 0.489416748
11.8050013 , 0.489118189
11.8100004 , 0.489117593
11.8150005 , 0.487920702
11.8200006 , 0.488518625
11.8250008 , 0.490015775
11.8300009 , 0.491514534
11.8350010 , 0.492115527
11.8400011 , 0.494517803
11.8450012 , 0.494520962
11.8500004 , 0.491519481
11.8550005 , 0.490619153
11.8600006 , 0.487912297
11.8650007 , 0.485202551
11.8700008 , 0.483694077
11.8750010 , 0.484896213
11.8800011 , 0.485496312
11.8850012 , 0.489114881
11.8900013 , 0.490020543
11.8950005 , 0.489718854
11.9000006 , 0.489718854
11.9050007 , 0.488811523
11.9100008 , 0.489113986
11.9150009 , 0.491839558
11.9200010 , 0.493659109
11.9250011 , 0.494268328
11.9300013 , 0.494574577
11.9350004 , 0.493667156
11.9400005 , 0.491543055
11.9450006 , 0.489416689
11.9500008 , 0.486374736
11.9550009 , 0.484242439
11.9600010 , 0.485457361
11.9650011 , 0.485454977
11.9700012 , 0.484842539
11.9750004 , 0.481788486
11.9800005 , 0.479951918
11.9850006 , 0.480251372
11.9900007 , 0.483302653
11.9950008 , 0.485746026
12.0000010 , 0.484519422
12.0050011 , 0.485128909
12.0100012 , 0.484819591
12.0150013 , 0.487269849
12.0200005 , 0.488802969
12.0250006 , 0.486653179
12.0300007 , 0.486651659
12.0350008 , 0.484805197
12.0400009 , 0.485109866
12.0450010 , 0.484491676
12.0500011 , 0.484488457
12.0550013 , 0.485410094
12.0600004 , 0.483865559
12.0650005 , 0.483244985
12.0700006 , 0.484167486
12.0750008 , 0.483546019
12.0800009 , 0.482614875
12.0850010 , 0.483538687
12.0900011 , 0.478581965
12.0950012 , 0.476406664
12.1000004 , 0.477328271
12.1050005 , 0.475770026
12.1100006 , 0.475140661
12.1150007 , 0.474199980
12.1200008 , 0.475433141
12.1250010 , 0.476979256
12.1300011 , 0.478526711
12.1350012 , 0.478519946
12.1400013 , 0.476955384
12.1450005 , 0.478194237
12.1500006 , 0.478187084
12.1550007 , 0.477243721
12.1600008 , 0.478172839
12.1650009 , 0.476915509
12.1700010 , 0.475343853
12.1750011 , 0.475334823
12.1800013 , 0.477517933
12.1850004 , 0.478136867
12.1900005 , 0.478443086
12.1950006 , 0.479063630
12.2000008 , 0.478743136
12.2050009 , 0.479992509
12.2100010 , 0.478729188
12.2150011 , 0.478407830
12.2200012 , 0.477141708
12.2250013 , 0.479338497
12.2300005 , 0.481222838
12.2350006 , 0.481217474
12.2400007 , 0.479949832
12.2450008 , 0.482154071
12.2500010 , 0.482781559
12.2550011 , 0.484042019
12.2600012 , 0.483722001
12.2650013 , 0.484667867
12.2700005 , 0.486565471
12.2750006 , 0.488148689
12.2800007 , 0.488464922
12.2850008 , 0.487829536
12.2900009 , 0.487193286
12.2950010 , 0.487827599
12.3000011 , 0.489098519
12.3050013 , 0.489098310
12.3100004 , 0.488461316
12.3150005 , 0.490691096
12.3200006 , 0.492923915
12.3250008 , 0.492607117
12.3300009 , 0.493566751
12.3350010 , 0.495486170
12.3400011 , 0.495490253
12.3450012 , 0.494854838
12.3500013 , 0.496458471
12.3550005 , 0.494221061
12.3600006 , 0.490378082
12.3650007 , 0.486209303
12.3700008 , 0.486849040
12.3750010 , 0.486205161
12.3800011 , 0.486203134
12.3850012 , 0.488773495
12.3900013 , 0.489094764
12.3950005 , 0.489416629
12.4000006 , 0.490705490
12.4050007 , 0.493285477
12.4100008 , 0.495868951
12.4150009 , 0.497810215
12.4200010 , 0.498784959
12.4250011 , 0.497498065
12.4300013 , 0.498473793
12.4350004 , 0.500098169
12.4400005 , 0.497514129
12.4450006 , 0.493305832
12.4500008 , 0.493632793
12.4550009 , 0.492337465
12.4600010 , 0.494288057
12.4650011 , 0.496241242
12.4700012 , 0.499497652
12.4750013 , 0.500805974
12.4800005 , 0.502441525
12.4850006 , 0.501798689
12.4900007 , 0.499850422
12.4950008 , 0.498225957
12.5000010 , 0.497905552
12.5050011 , 0.499544501
12.5100012 , 0.498243630
12.5150013 , 0.498576850
12.5200005 , 0.500874460
12.5250006 , 0.501864851
12.5300007 , 0.500890076
12.5350008 , 0.499585479
12.5400009 , 0.499920487
12.5450010 , 0.498942345
12.5500011 , 0.499277294
12.5550013 , 0.498296976
12.5600004 , 0.498961449
12.5650005 , 0.495674044
12.5700006 , 0.496667206
12.5750008 , 0.497001797
12.5800009 , 0.496676892
12.5850010 , 0.494700402
12.5900011 , 0.493051708
12.5950012 , 0.493384957
12.6000013 , 0.493056595
12.6050005 , 0.496701509
12.6100006 , 0.497037977
12.6150007 , 0.496711254
12.6200008 , 0.496716291
12.6250010 , 0.499709576
12.6300011 , 0.502042353
12.6350012 , 0.503380835
12.6400013 , 0.504388630
12.6450005 , 0.505397558
12.6500006 , 0.507074296
12.6550007 , 0.507086277
12.6600008 , 0.507098258
12.6650009 , 0.505774915
12.6700010 , 0.506454110
12.6750011 , 0.507468820
12.6800013 , 0.505808413
12.6850014 , 0.504815578
12.6900005 , 0.501141191
12.6950006 , 0.498467267
12.7000008 , 0.497131675
12.7050009 , 0.497136980
12.7100010 , 0.494791150
12.7150011 , 0.494794995
12.7200012 , 0.496480405
12.7250013 , 0.496148616
12.7300005 , 0.495816469
12.7350006 , 0.497169018
12.7400007 , 0.500547349
12.7450008 , 0.502579927
12.7500010 , 0.504278004
12.7550011 , 0.507330179
12.7600012 , 0.508357167
12.7650013 , 0.509724796
12.7700005 , 0.506351590
12.7750006 , 0.505007505
12.7800007 , 0.502983272
12.7850008 , 0.502653182
12.7900009 , 0.501983166
12.7950010 , 0.503351390
12.8000011 , 0.503701210
12.8050013 , 0.502349675
12.8100014 , 0.499634087
12.8150005 , 0.498959512
12.8200006 , 0.498284072
12.8250008 , 0.500338078
12.8300009 , 0.501028836
12.8350010 , 0.502403975
12.8400011 , 0.500360847
12.8450012 , 0.501737654
12.8500013 , 0.503801227
12.8550005 , 0.504154086
12.8600006 , 0.504164338
12.8650007 , 0.503144920
12.8700008 , 0.504184842
12.8750010 , 0.504195392
12.8800011 , 0.501797974
12.8850012 , 0.502151191
12.8900013 , 0.504571080
12.8950005 , 0.504581690
12.9000006 , 0.505971909
12.9050007 , 0.507709324
12.9100008 , 0.507376969
12.9150009 , 0.509809017
12.9200010 , 0.511206806
12.9250011 , 0.511568248
12.9300013 , 0.514701128
12.9350014 , 0.512293160
12.9400005 , 0.511615455
12.9450006 , 0.510242820
12.9500008 , 0.509215653
12.9550009 , 0.509924889
12.9600010 , 0.511678398
12.9650011 , 0.511346340
12.9700012 , 0.511361778
12.9750013 , 0.513817728
12.9800005 , 0.515230298
12.9850006 , 0.516296208
12.9900007 , 0.518760562
12.9950008 , 0.519131243
13.0000010 , 0.519852102
13.0050011 , 0.523724854
13.0100012 , 0.525851369
13.0150013 , 0.526227951
13.0200005 , 0.524850845
13.0250006 , 0.525578737
13.0300007 , 0.523848057
13.0350008 , 0.523169518
13.0400009 , 0.524601102
13.0450010 , 0.524978638
13.0500011 , 0.523242533
13.0550013 , 0.525029838
13.0600014 , 0.527525425
13.0650005 , 0.532143533
13.0700006 , 0.533941329
13.0750008 , 0.533265948
13.0800009 , 0.533651531
13.0850010 , 0.534037828
13.0900011 , 0.531943738
13.0950012 , 0.530555904
13.1000013 , 0.528456330
13.1050005 , 0.525643349
13.1100006 , 0.524603605
13.1150007 , 0.522494793
13.1200008 , 0.523586929
13.1250010 , 0.524679899
13.1300011 , 0.525775075
13.1350012 , 0.529368877
13.1400013 , 0.532967687
13.1450005 , 0.534428537
13.1500006 , 0.534818888
13.1550007 , 0.533421040
13.1600008 , 0.534527183
13.1650009 , 0.537068367
13.1700010 , 0.536744893
13.1750011 , 0.537138045
13.1800013 , 0.537173212
13.1850014 , 0.540442348
13.1900005 , 0.539760351
13.1950006 , 0.537998378
13.2000008 , 0.535873353
13.2050009 , 0.536267817
13.2100010 , 0.536662996
13.2150011 , 0.538502634
13.2200012 , 0.538538933
13.2250013 , 0.540382385
13.2300005 , 0.543313682
13.2350006 , 0.546973705
13.2400007 , 0.548827589
13.2450008 , 0.547784150
13.2500010 , 0.546013355
13.2550011 , 0.543876708
13.2600012 , 0.542100489
13.2650013 , 0.543230176
13.2700014 , 0.544726133
13.2750006 , 0.545859635
13.2800007 , 0.544808507
13.2850008 , 0.541202784
13.2900009 , 0.540511668
13.2950010 , 0.537627757
13.3000011 , 0.536201656
13.3050013 , 0.533310413
13.3100014 , 0.534075260
13.3150005 , 0.533009946
13.3200006 , 0.532675624
13.3250008 , 0.533441901
13.3300009 , 0.533842146
13.3350010 , 0.533140838
13.3400011 , 0.533541381
13.3450012 , 0.532102406
13.3500013 , 0.531766534
13.3550005 , 0.530692637
13.3600006 , 0.531092823
13.3650007 , 0.532231867
13.3700008 , 0.532632947
13.3750010 , 0.534144342
13.3800011 , 0.535657763
13.3850012 , 0.535322607
13.3900013 , 0.536098242
13.3950014 , 0.536133409
13.4000006 , 0.535427034
13.4050007 , 0.533233881
13.4100008 , 0.532895684
13.4150009 , 0.531069219
13.4200010 , 0.529239774
13.4250011 , 0.526662767
13.4300013 , 0.525573134
13.4350014 , 0.523362517
13.4400005 , 0.521894991
13.4450006 , 0.524161220
13.4500008 , 0.525309682
13.4550009 , 0.526085436
13.4600010 , 0.527611256
13.4650011 , 0.529139578
13.4700012 , 0.528794825
13.4750013 , 0.531077325
13.4800005 , 0.534114003
13.4850006 , 0.536779463
13.4900007 , 0.534935117
13.4950008 , 0.534593582
13.5000010 , 0.533874571
13.5050011 , 0.534285963
13.5100012 , 0.533565819
13.5150013 , 0.534355283
13.5200014 , 0.537035584
13.5250006 , 0.540854454
13.5300007 , 0.544679463
13.5350008 , 0.547752500
13.5400009 , 0.550451696
13.5450010 , 0.552016437
13.5500011 , 0.550925851
13.5550013 , 0.551353633
13.5600014 , 0.550641358
13.5650005 , 0.549166322
13.5700006 , 0.546927691
13.5750008 , 0.546210170
13.5800009 , 0.545872986
13.5850010 , 0.546299100
13.5900011 , 0.549017727
13.5950012 , 0.549446344
13.6000013 , 0.548345506
13.6050005 , 0.549540579
13.6100006 , 0.551120758
13.6150007 , 0.551168919
13.6200008 , 0.548914313
13.6250010 , 0.546271980
13.6300011 , 0.545163214
13.6350012 , 0.547900498
13.6400013 , 0.552951932
13.6450014 , 0.553002179
13.6500006 , 0.553052366
13.6550007 , 0.553874135
13.6600008 , 0.553538978
13.6650009 , 0.552043438
13.6700010 , 0.551318944
13.6750011 , 0.548657596
13.6800013 , 0.546379387
13.6850014 , 0.542934358
13.6900005 , 0.539483666
13.6950006 , 0.537969947
13.7000008 , 0.539174557
13.7050009 , 0.543104470
13.7100010 , 0.543925881
13.7150011 , 0.548645496
13.7200012 , 0.547912598
13.7250013 , 0.550691426
13.7300005 , 0.550349653
13.7350006 , 0.548052669
13.7400007 , 0.546143353
13.7450008 , 0.544623017
13.7500010 , 0.543099761
13.7550011 , 0.540789664
13.7600012 , 0.542400539
13.7650013 , 0.542836010
13.7700014 , 0.542092681
13.7750006 , 0.544495761
13.7800007 , 0.546114922
13.7850008 , 0.546554387
13.7900009 , 0.546206117
13.7950010 , 0.545067728
13.8000011 , 0.543532908
13.8050013 , 0.543971837
13.8100014 , 0.545203030
13.8150005 , 0.548416078
13.8200006 , 0.552426636
13.8250008 , 0.555650651
13.8300009 , 0.556894958
13.8350010 , 0.557744265
13.8400011 , 0.559787631
13.8450012 , 0.560640454
13.8500013 , 0.559503913
13.8550014 , 0.561155081
13.8600006 , 0.560814619
13.8650007 , 0.558477938
13.8700008 , 0.560132146
13.8750010 , 0.560190141
13.8800011 , 0.561448336
13.8850012 , 0.561507463
13.8900013 , 0.563169718
13.8950014 , 0.562428057
13.9000006 , 0.562086284
13.9050007 , 0.562547863
13.9100008 , 0.562607884
13.9150009 , 0.567497849
13.9200010 , 0.568367660
13.9250011 , 0.570045412
13.9300013 , 0.567690909
13.9350014 , 0.568563044
13.9400005 , 0.568628311
13.9450006 , 0.571525276
13.9500008 , 0.572402954
13.9550009 , 0.572876632
13.9600010 , 0.572540462
13.9650011 , 0.574232340
13.9700012 , 0.575521588
13.9750013 , 0.576812506
13.9800014 , 0.578105390
13.9850006 , 0.577772260
13.9900007 , 0.572955608
13.9950008 , 0.568946660
14.0000010 , 0.567380190
14.0050011 , 0.567853928
14.0100012 , 0.565057099
14.0150013 , 0.565939128
14.0200014 , 0.565593719
14.0250006 , 0.567706943
14.0300007 , 0.568182588
14.0350008 , 0.567838311
14.0400009 , 0.565849364
14.0450010 , 0.563035071
14.0500011 , 0.558568776
14.0550013 , 0.556567073
14.0600014 , 0.557860613
14.0650005 , 0.559156179
14.0700006 , 0.562106490
14.0750008 , 0.561754525
14.0800009 , 0.561401784
14.0850010 , 0.558150291
14.0900011 , 0.551992476
14.0950012 , 0.550386488
14.1000013 , 0.547531962
14.1050014 , 0.549243271
14.1100006 , 0.550125778
14.1150007 , 0.550177574
14.1200008 , 0.553561330
14.1250010 , 0.558618724
14.1300011 , 0.556591332
14.1350012 , 0.556648612
14.1400013 , 0.557960093
14.1450014 , 0.560110509
14.1500006 , 0.558914661
14.1550007 , 0.558135688
14.1600008 , 0.558194935
14.1650009 , 0.556155026
14.1700010 , 0.553271592
14.1750011 , 0.550383449
14.1800013 , 0.547911048
14.1850014 , 0.550067008
14.1900005 , 0.549697876
14.1950006 , 0.550593495
14.2000008 , 0.549802005
14.2050009 , 0.553657770
14.2100010 , 0.553713441
14.2150011 , 0.554615557
14.2200012 , 0.552553356
14.2250013 , 0.553032398
14.2300014 , 0.553511918
14.2350006 , 0.555691779
14.2400007 , 0.553197920
14.2450008 , 0.551551282
14.2500010 , 0.552031100
14.2550011 , 0.548248947
14.2600012 , 0.544459760
14.2650013 , 0.540664554
14.2700014 , 0.536862195
14.2750006 , 0.533481061
14.2800007 , 0.534376025
14.2850008 , 0.536986768
14.2900009 , 0.536170840
14.2950010 , 0.536641121
14.3000011 , 0.534104347
14.3050013 , 0.534143567
14.3100014 , 0.536765456
14.3150015 , 0.537668645
14.3200006 , 0.538142502
14.3250008 , 0.539911866
14.3300009 , 0.538660824
14.3350010 , 0.539568722
14.3400011 , 0.540478766
14.3450012 , 0.538358212
14.3500013 , 0.539268315
14.3550014 , 0.542349994
14.3600006 , 0.544568241
14.3650007 , 0.545486569
14.3700008 , 0.545971453
14.3750010 , 0.546892643
14.3800011 , 0.546507895
14.3850012 , 0.547431290
14.3900013 , 0.547482908
14.3950014 , 0.546660900
14.4000006 , 0.547149241
14.4050007 , 0.550703049
14.4100008 , 0.551634371
14.4150009 , 0.550812900
14.4200010 , 0.551745951
14.4250011 , 0.551362574
14.4300013 , 0.551418126
14.4350014 , 0.549273372
14.4400015 , 0.552410781
14.4450006 , 0.554231405
14.4500008 , 0.551641583
14.4550009 , 0.551697969
14.4600010 , 0.550427914
14.4650011 , 0.547385514
14.4700012 , 0.547438025
14.4750013 , 0.548377335
14.4800014 , 0.549761653
14.4850006 , 0.550704718
14.4900007 , 0.550760269
14.4950008 , 0.548146367
14.5000010 , 0.544192135
14.5050011 , 0.541567624
14.5100012 , 0.538045883
14.5150013 , 0.538090289
14.5200014 , 0.535453081
14.5250006 , 0.535495102
14.5300007 , 0.536880553
14.5350008 , 0.534683347
14.5400009 , 0.532032967
14.5450010 , 0.529378295
14.5500011 , 0.529414654
14.5550013 , 0.528551877
14.5600014 , 0.529488444
14.5650015 , 0.527272165
14.5700006 , 0.525051475
14.5750008 , 0.524632931
14.5800009 , 0.525117338
14.5850010 , 0.526507199
14.5900011 , 0.527447045
14.5950012 , 0.529748023
14.6000013 , 0.532506883
14.6050014 , 0.533909082
14.6100006 , 0.535313666
14.6150007 , 0.533081889
14.6200008 , 0.530846298
14.6250010 , 0.529973388
14.6300011 , 0.531379521
14.6350012 , 0.531418681
14.6400013 , 0.529173195
14.6450014 , 0.529667735
14.6500006 , 0.531078815
14.6550007 , 0.533867359
14.6600008 , 0.534826398
14.6650009 , 0.534868956
14.6700010 , 0.536749959
14.6750011 , 0.536794186
14.6800013 , 0.536378443
14.6850014 , 0.531814396
14.6900015 , 0.531392932
14.6950006 , 0.530047536
14.7000008 , 0.529623747
14.7050009 , 0.527811170
14.7100010 , 0.528773487
14.7150011 , 0.527420700
14.7200012 , 0.528384209
14.7250013 , 0.531207383
14.7300014 , 0.531711876
14.7350006 , 0.531752110
14.7400007 , 0.531792343
14.7450008 , 0.533231020
14.7500010 , 0.532806337
14.7550011 , 0.531913757
14.7600012 , 0.532889187
14.7650013 , 0.535737932
14.7700014 , 0.538124263
14.7750006 , 0.537233174
14.7800007 , 0.538686693
14.7850008 , 0.542961240
14.7900009 , 0.546303689
14.7950010 , 0.545417368
14.8000011 , 0.544529021
14.8050013 , 0.542696059
14.8100014 , 0.542747378
14.8150015 , 0.540909111
14.8200006 , 0.538594663
14.8250008 , 0.540062189
14.8300009 , 0.542480409
14.8350010 , 0.545377016
14.8400011 , 0.544481933
14.8450012 , 0.543109715
14.8500013 , 0.544113219
14.8550014 , 0.546546698
14.8600006 , 0.547079146
14.8650007 , 0.545704186
14.8700008 , 0.539551735
14.8750010 , 0.537689090
14.8800011 , 0.533908844
14.8850012 , 0.533473551
14.8900013 , 0.534954786
14.8950014 , 0.535479546
14.9000015 , 0.536485076
14.9050007 , 0.535089016
14.9100008 , 0.536096394
14.9150009 , 0.537105799
14.9200010 , 0.537152946
14.9250011 , 0.538647711
14.9300013 , 0.537247121
14.9350014 , 0.533425391
14.9400015 , 0.530080199
14.9450006 , 0.530120492
14.9500008 , 0.533556163
14.9550009 , 0.534085512
14.9600010 , 0.537531972
14.9650011 , 0.535633922
14.9700012 , 0.534705758
14.9750013 , 0.537188292
14.9800014 , 0.539187729
14.9850006 , 0.538748980
14.9900007 , 0.538309276
14.9950008 , 0.537379265
15.0000010 , 0.540856600
15.0050011 , 0.542869806
15.0100012 , 0.544396102
15.0150013 , 0.545434117
15.0200014 , 0.542047322
15.0250015 , 0.539638221
15.0300007 , 0.537717462
15.0350008 , 0.538752913
15.0400009 , 0.537814796
15.0450010 , 0.536875129
15.0500011 , 0.531974554
15.0550013 , 0.530036271
15.0600014 , 0.530077338
15.0650015 , 0.530614972
15.0700006 , 0.527675450
15.0750008 , 0.525724709
15.0800009 , 0.523272455
15.0850010 , 0.522808492
15.0900011 , 0.523840308
15.0950012 , 0.526872039
15.1000013 , 0.527910054
15.1050014 , 0.530451596
15.1100006 , 0.530994415
15.1150007 , 0.531037092
15.1200008 , 0.531079650
15.1250010 , 0.533634901
15.1300011 , 0.532674313
15.1350012 , 0.533725977
15.1400013 , 0.536291659
15.1450014 , 0.535330832
15.1500015 , 0.535883427
15.1550007 , 0.536942661
15.1600008 , 0.536485791
15.1650009 , 0.535014451
15.1700010 , 0.536076069
15.1750011 , 0.537140071
15.1800013 , 0.536172867
15.1850014 , 0.536221623
15.1900015 , 0.535251498
15.1950006 , 0.535809219
15.2000008 , 0.537898779
15.2050009 , 0.534373581
15.2100010 , 0.533908963
15.2150011 , 0.536003232
15.2200012 , 0.537077129
15.2250013 , 0.540205121
15.2300014 , 0.542826235
15.2350006 , 0.543396473
15.2400007 , 0.542938411
15.2450008 , 0.541449189
15.2500010 , 0.541504025
15.2550011 , 0.541558921
15.2600012 , 0.543164492
15.2650013 , 0.540634453
15.2700014 , 0.537581325
15.2750015 , 0.532966316
15.2800007 , 0.533531785
15.2850008 , 0.534617424
15.2900009 , 0.535185695
15.2950010 , 0.538358271
15.3000011 , 0.539452851
15.3050013 , 0.539506137
15.3100014 , 0.539037168
15.3150015 , 0.537521601
15.3200006 , 0.537573099
15.3250008 , 0.538148761
15.3300009 , 0.539249837
15.3350010 , 0.540878892
15.3400011 , 0.544613957
15.3450012 , 0.545199335
15.3500013 , 0.544205964
15.3550014 , 0.542682767
15.3600006 , 0.543796241
15.3650007 , 0.543855071
15.3700008 , 0.544972003
15.3750010 , 0.551388204
15.3800011 , 0.551985383
15.3850012 , 0.549930096
15.3900013 , 0.549464345
15.3950014 , 0.549529791
15.4000015 , 0.551192939
15.4050007 , 0.550193965
15.4100008 , 0.549192667
15.4150009 , 0.549257815
15.4200010 , 0.547183990
15.4250011 , 0.544569731
15.4300013 , 0.543021977
15.4350014 , 0.542543828
15.4400015 , 0.541528046
15.4450006 , 0.540509760
15.4500008 , 0.541104138
15.4550009 , 0.541161239
15.4600010 , 0.536361694
15.4650011 , 0.534792840
15.4700012 , 0.535383880
15.4750013 , 0.534893334
15.4800014 , 0.536027789
15.4850016 , 0.538249552
15.4900007 , 0.540476620
15.4950008 , 0.540533423
15.5000010 , 0.543312311
15.5050011 , 0.542827189
15.5100012 , 0.543978155
15.5150013 , 0.542400241
15.5200014 , 0.540271997
15.5250015 , 0.539781570
15.5300007 , 0.539838076
15.5350008 , 0.541540444
15.5400009 , 0.541049719
15.5450010 , 0.540557861
15.5500011 , 0.537862599
15.5550013 , 0.533508182
15.5600014 , 0.530247152
15.5650015 , 0.528083861
15.5700006 , 0.528127551
15.5750008 , 0.527617812
15.5800009 , 0.529323578
15.5850010 , 0.530478716
15.5900011 , 0.532191932
15.5950012 , 0.532240450
15.6000013 , 0.535073221
15.6050014 , 0.536240041
15.6100016 , 0.537409544
15.6150007 , 0.538581610
15.6200008 , 0.537519336
15.6250010 , 0.540374160
15.6300011 , 0.542675018
15.6350012 , 0.542736173
15.6400013 , 0.541111410
15.6450014 , 0.540608406
15.6500015 , 0.541793764
15.6550007 , 0.541853845
15.6600008 , 0.542479098
15.6650009 , 0.543105543
15.6700010 , 0.543733358
15.6750011 , 0.544362545
15.6800013 , 0.542724848
15.6850014 , 0.539380312
15.6900015 , 0.538869739
15.6950006 , 0.538927317
15.7000008 , 0.535566449
15.7050009 , 0.533338606
15.7100010 , 0.531105399
15.7150011 , 0.526580215
15.7200012 , 0.524333954
15.7250013 , 0.524374962
15.7300014 , 0.523268282
15.7350016 , 0.522733688
15.7400007 , 0.521047592
15.7450008 , 0.518205941
15.7500010 , 0.516510308
15.7550011 , 0.518273592
15.7600012 , 0.520619035
15.7650013 , 0.522391438
15.7700014 , 0.522430420
15.7750015 , 0.523049474
15.7800007 , 0.526572883
15.7850008 , 0.528941989
15.7900009 , 0.533644617
15.7950010 , 0.534279764
15.8000011 , 0.537249804
15.8050013 , 0.537306964
15.8100014 , 0.538533568
15.8150015 , 0.537421525
15.8200006 , 0.536892831
15.8250008 , 0.534015536
15.8300009 , 0.531719089
15.8350010 , 0.529417038
15.8400011 , 0.530054152
15.8450012 , 0.529513478
15.8500013 , 0.530152202
15.8550014 , 0.531383395
15.8600016 , 0.532617748
15.8650007 , 0.533262610
15.8700008 , 0.532722354
15.8750010 , 0.533962905
15.8800011 , 0.534611940
15.8850012 , 0.537048280
15.8900013 , 0.540086925
15.8950014 , 0.543729782
15.9000015 , 0.544991493
15.9050007 , 0.546255708
15.9100008 , 0.548122585
15.9150009 , 0.546995044
15.9200010 , 0.550668716
15.9250011 , 0.552547574
15.9300013 , 0.553227365
15.9350014 , 0.550292313
15.9400015 , 0.549160421
15.9450016 , 0.550442636
15.9500008 , 0.550518036
15.9550009 , 0.548170805
15.9600010 , 0.543391943
15.9650011 , 0.539815605
15.9700012 , 0.536230385
15.9750013 , 0.535071194
15.9800014 , 0.533909142
15.9850016 , 0.531523526
15.9900007 , 0.532187104
15.9950008 , 0.532240629
