0.00000000 , 6.48126698
1.00000007E-02 , 5.81978416
2.00000014E-02 , 4.98828793
3.00000012E-02 , 4.33345079
4.00000028E-02 , 3.63942933
5.00000045E-02 , 2.94098186
6.00000024E-02 , 2.25138927
7.00000077E-02 , 1.95702028
8.00000057E-02 , 1.77627337
9.00000036E-02 , 1.44442415
0.100000009 , 1.35413671
0.110000007 , 1.34732056
0.120000005 , 1.27355874
0.130000010 , 1.33897638
0.140000015 , 1.20575738
0.150000006 , 1.12330735
0.160000011 , 1.01734591
0.170000017 , 0.971352994
0.180000007 , 0.922288537
0.190000013 , 0.873571575
0.200000018 , 0.843588769
0.210000008 , 0.818036139
0.220000014 , 0.831665635
0.230000019 , 0.727238357
0.240000010 , 0.727406919
0.250000030 , 0.705774724
0.260000020 , 0.700494289
0.270000011 , 0.720254838
0.280000031 , 0.643425524
0.290000021 , 0.681757331
0.300000012 , 0.640186846
0.310000032 , 0.680051565
0.320000023 , 0.623835146
0.330000013 , 0.602710187
0.340000033 , 0.649727881
0.350000024 , 0.641211510
0.360000014 , 0.646320701
0.370000035 , 0.618722677
0.380000025 , 0.603221714
0.390000015 , 0.599985182
0.400000036 , 0.595554352
0.410000026 , 0.561996400
0.420000017 , 0.556715429
0.430000037 , 0.576816857
0.440000027 , 0.574092388
0.450000018 , 0.581587374
0.460000038 , 0.514468193
0.470000029 , 0.534910440
0.480000019 , 0.528608084
0.490000039 , 0.531844079
0.500000060 , 0.542747915
0.510000050 , 0.502202630
0.520000041 , 0.572728455
0.530000031 , 0.522132277
0.540000021 , 0.570854723
0.550000012 , 0.545301139
0.560000062 , 0.514809072
0.570000052 , 0.554499805
0.580000043 , 0.495557815
0.590000033 , 0.542746246
0.600000024 , 0.522813380
0.610000014 , 0.545981169
0.620000064 , 0.555180848
0.630000055 , 0.502371728
0.640000045 , 0.515149355
0.650000036 , 0.475796729
0.660000026 , 0.483122140
0.670000076 , 0.502030909
0.680000067 , 0.454502136
0.690000057 , 0.519577980
0.700000048 , 0.468301207
0.710000038 , 0.470516294
0.720000029 , 0.454161853
0.730000079 , 0.434060484
0.740000069 , 0.440364480
0.750000060 , 0.416684121
0.760000050 , 0.411573797
0.770000041 , 0.414978862
0.780000031 , 0.381079018
0.790000081 , 0.426223546
0.800000072 , 0.399648577
0.810000062 , 0.402202904
0.820000052 , 0.424520493
0.830000043 , 0.389767736
0.840000033 , 0.411743999
0.850000083 , 0.424348742
0.860000074 , 0.443258584
0.870000064 , 0.457055390
0.880000055 , 0.460976869
0.890000045 , 0.485336185
0.900000036 , 0.471366495
0.910000086 , 0.453479677
0.920000076 , 0.443599403
0.930000067 , 0.423499078
0.940000057 , 0.423838824
0.950000048 , 0.425542444
0.960000038 , 0.423330009
0.970000088 , 0.404248983
0.980000079 , 0.417026550
0.990000069 , 0.377674222
1.00000012 , 0.395221055
1.01000011 , 0.400672138
1.02000010 , 0.372732729
1.03000009 , 0.385339379
1.04000008 , 0.375286788
1.05000007 , 0.401180953
1.06000006 , 0.387382209
1.07000005 , 0.352628589
1.08000004 , 0.382782072
1.09000003 , 0.358933419
1.10000002 , 0.363873571
1.11000013 , 0.340195060
1.12000012 , 0.321116447
1.13000011 , 0.338321865
1.14000010 , 0.346328676
1.15000010 , 0.340707660
1.16000009 , 0.346499354
1.17000008 , 0.339685470
1.18000007 , 0.370520860
1.19000006 , 0.332701415
1.20000005 , 0.320096135
1.21000004 , 0.364727795
1.22000003 , 0.341048241
1.23000014 , 0.371883035
1.24000013 , 0.359277517
1.25000012 , 0.333895177
1.26000011 , 0.340198368
1.27000010 , 0.301699430
1.28000009 , 0.306639314
1.29000008 , 0.295565337
1.30000007 , 0.319074988
1.31000006 , 0.322481126
1.32000005 , 0.295224726
1.33000004 , 0.319585443
1.34000015 , 0.310555607
1.35000014 , 0.324525028
1.36000013 , 0.361150175
1.37000012 , 0.347011417
1.38000011 , 0.371711284
1.39000010 , 0.369155616
1.40000010 , 0.339684933
1.41000009 , 0.341728836
1.42000008 , 0.336959094
1.43000007 , 0.349566013
1.44000006 , 0.351268798
1.45000005 , 0.345476598
1.46000016 , 0.347860783
1.47000015 , 0.329633147
1.48000014 , 0.308508188
1.49000013 , 0.313960642
1.50000012 , 0.299822152
1.51000011 , 0.324864239
1.52000010 , 0.333553255
1.53000009 , 0.322820365
1.54000008 , 0.326738268
1.55000007 , 0.302038103
1.56000006 , 0.296246409
1.57000005 , 0.314134032
1.58000016 , 0.278018504
1.59000015 , 0.319244862
1.60000014 , 0.304934889
1.61000013 , 0.291986853
1.62000012 , 0.295734078
1.63000011 , 0.272055030
1.64000010 , 0.284660608
1.65000010 , 0.265751600
1.66000009 , 0.293519229
1.67000008 , 0.276995480
1.68000007 , 0.269839704
1.69000018 , 0.294711888
1.70000017 , 0.250248730
1.71000016 , 0.258596629
1.72000015 , 0.259448171
1.73000014 , 0.249909535
1.74000013 , 0.253655940
1.75000012 , 0.240709260
1.76000011 , 0.273587734
1.77000010 , 0.242582217
1.78000009 , 0.264046103
1.79000008 , 0.257233292
1.80000007 , 0.246671066
1.81000018 , 0.280060798
1.82000017 , 0.281933457
1.83000016 , 0.292837024
1.84000015 , 0.299138337
1.85000014 , 0.283637077
1.86000013 , 0.292155385
1.87000012 , 0.282955676
1.88000011 , 0.310042977
1.89000010 , 0.305443406
1.90000010 , 0.315493047
1.91000009 , 0.307145655
1.92000008 , 0.312255979
1.93000019 , 0.279377759
1.94000018 , 0.322647780
1.95000017 , 0.315323144
1.96000016 , 0.337127358
1.97000015 , 0.351437062
1.98000014 , 0.338489592
1.99000013 , 0.336275548
2.00000024 , 0.335593611
2.01000023 , 0.322477609
2.02000022 , 0.325544000
2.03000021 , 0.329632878
2.04000020 , 0.312087178
2.05000019 , 0.301694840
2.06000018 , 0.301866084
2.07000017 , 0.303058982
2.08000016 , 0.289431185
2.09000015 , 0.263366342
2.10000014 , 0.252122998
2.11000013 , 0.218393281
2.12000012 , 0.227421775
2.13000011 , 0.243775666
2.14000010 , 0.219414428
2.15000010 , 0.263195097
2.16000009 , 0.207320109
2.17000008 , 0.232531786
2.18000007 , 0.188580140
2.19000006 , 0.208170280
2.20000005 , 0.207660392
2.21000004 , 0.198971406
2.22000027 , 0.257402867
2.23000026 , 0.211747110
2.24000025 , 0.222310126
2.25000024 , 0.214643866
2.26000023 , 0.205274835
2.27000022 , 0.226058438
2.28000021 , 0.170352504
2.29000020 , 0.219754994
2.30000019 , 0.173589572
2.31000018 , 0.224184424
2.32000017 , 0.226569697
2.33000016 , 0.201527357
2.34000015 , 0.223504111
2.35000014 , 0.207149968
2.36000013 , 0.225207746
2.37000012 , 0.204083309
2.38000011 , 0.217199579
2.39000010 , 0.220777214
2.40000010 , 0.235599265
2.41000009 , 0.232532039
2.42000008 , 0.227591932
2.43000007 , 0.215155408
2.44000006 , 0.194202468
2.45000029 , 0.235427201
2.46000028 , 0.189772233
2.47000027 , 0.223843053
2.48000026 , 0.212770686
2.49000025 , 0.209363997
2.50000024 , 0.246671349
2.51000023 , 0.188240394
2.52000022 , 0.241560549
2.53000021 , 0.192158043
2.54000020 , 0.213111505
2.55000019 , 0.207149684
2.56000018 , 0.166264161
2.57000017 , 0.231339976
2.58000016 , 0.152466774
2.59000015 , 0.205275387
2.60000014 , 0.168479025
2.61000013 , 0.163367927
2.62000012 , 0.179210290
2.63000011 , 0.152976945
2.64000010 , 0.192158043
2.65000010 , 0.169330552
2.66000009 , 0.188750833
2.67000008 , 0.175975129
2.68000031 , 0.180573881
2.69000030 , 0.212089837
2.70000029 , 0.198291630
2.71000028 , 0.253997028
2.72000027 , 0.224015892
2.73000026 , 0.261152297
2.74000025 , 0.221970648
2.75000024 , 0.218563706
2.76000023 , 0.217712447
2.77000022 , 0.221459135
2.78000021 , 0.243265212
2.79000020 , 0.209704578
2.80000019 , 0.238834709
2.81000018 , 0.214644715
2.82000017 , 0.196417078
2.83000016 , 0.186535701
2.84000015 , 0.165923879
2.85000014 , 0.187558740
2.86000013 , 0.171034291
2.87000012 , 0.197098732
2.88000011 , 0.169842735
2.89000010 , 0.191817343
2.90000010 , 0.160644263
2.91000032 , 0.150422201
2.92000031 , 0.151103988
2.93000031 , 0.130490795
2.94000030 , 0.175805092
2.95000029 , 0.129468054
2.96000028 , 0.160131931
2.97000027 , 0.147014707
2.98000026 , 0.123675831
2.99000025 , 0.152125254
3.00000024 , 0.112773605
3.01000023 , 0.162005410
3.02000022 , 0.132364154
3.03000021 , 0.147184029
3.04000020 , 0.144629419
3.05000019 , 0.117372915
3.06000018 , 0.172397077
3.07000017 , 0.130490273
3.08000016 , 0.164902210
3.09000015 , 0.163028315
3.10000014 , 0.150081217
3.11000013 , 0.168479681
3.12000012 , 0.132875666
3.13000011 , 0.174782202
3.14000010 , 0.133557618
3.15000033 , 0.157576665
3.16000032 , 0.156043738
3.17000031 , 0.134579152
3.18000031 , 0.153658450
3.19000030 , 0.123505682
3.20000029 , 0.133216083
3.21000028 , 0.140029848
3.22000027 , 0.119757652
3.23000026 , 0.130830556
3.24000025 , 0.111751385
3.25000024 , 0.141051531
3.26000023 , 0.129638448
3.27000022 , 0.141562641
3.28000021 , 0.126231521
3.29000020 , 0.137816086
3.30000019 , 0.148547903
3.31000018 , 0.145651922
3.32000017 , 0.133897617
3.33000016 , 0.139690369
3.34000015 , 0.149229825
3.35000014 , 0.136112869
3.36000013 , 0.131683841
3.37000012 , 0.125550523
3.38000035 , 0.134579673
3.39000034 , 0.138156772
3.40000033 , 0.124017067
3.41000032 , 0.120951489
3.42000031 , 0.110048704
3.43000031 , 0.123676904
3.44000030 , 0.109877758
3.45000029 , 0.112944558
3.46000028 , 0.117203310
3.47000027 , 0.124017879
3.48000026 , 0.129469141
3.49000025 , 0.109367467
3.50000024 , 0.141223699
3.51000023 , 0.132024825
3.52000022 , 0.134749979
3.53000021 , 0.136964545
3.54000020 , 0.142586216
3.55000019 , 0.162347332
3.56000018 , 0.158599272
3.57000017 , 0.172738448
3.58000016 , 0.162005544
3.59000015 , 0.157236084
3.60000014 , 0.168649554
3.61000037 , 0.128786922
3.62000036 , 0.165071920
3.63000035 , 0.142244428
3.64000034 , 0.162005529
3.65000033 , 0.146333173
3.66000032 , 0.140200391
3.67000031 , 0.161324278
3.68000031 , 0.117032357
3.69000030 , 0.155362472
3.70000029 , 0.152977213
3.71000028 , 0.132023752
3.72000027 , 0.178700686
3.73000026 , 0.123335414
3.74000025 , 0.153658599
3.75000024 , 0.143607348
3.76000023 , 0.116520837
3.77000022 , 0.137304172
3.78000021 , 9.93158296E-02
3.79000020 , 0.151103184
3.80000019 , 0.130490005
3.81000018 , 0.118054837
3.82000017 , 0.149059281
3.83000016 , 0.110218458
3.84000015 , 0.141223162
3.85000038 , 0.133216247
3.86000037 , 0.130491361
3.87000036 , 0.155022606
3.88000035 , 0.144119278
3.89000034 , 0.156384826
3.90000033 , 0.143948853
3.91000032 , 0.125891909
3.92000031 , 0.146163717
3.93000031 , 0.130490810
3.94000030 , 0.136793599
3.95000029 , 0.130831093
3.96000028 , 0.126402467
3.97000027 , 0.134067640
3.98000026 , 0.129127890
3.99000025 , 0.122483999
4.00000048 , 0.120439559
4.01000023 , 0.109707616
4.02000046 , 0.127083316
4.03000021 , 0.109877355
4.04000044 , 0.125379711
4.05000019 , 0.115499571
4.06000042 , 0.117032893
4.07000017 , 0.104937620
4.08000040 , 9.82938707E-02
4.09000015 , 0.117202900
4.10000038 , 0.101360269
4.11000013 , 0.118225127
4.12000036 , 0.114306659
4.13000011 , 0.113114290
4.14000034 , 0.133897483
4.15000010 , 0.115839988
4.16000032 , 0.143607900
4.17000008 , 0.129468322
4.18000031 , 0.160643041
4.19000053 , 0.147356093
4.20000029 , 0.134238183
4.21000051 , 0.156384557
4.22000027 , 0.132194266
4.23000050 , 0.145993426
4.24000025 , 0.127084002
4.25000048 , 0.145312056
4.26000023 , 0.148718864
4.27000046 , 0.124187753
4.28000021 , 0.138156772
4.29000044 , 0.101701215
4.30000019 , 0.136623040
4.31000042 , 0.128276363
4.32000017 , 0.126913175
4.33000040 , 0.140711918
4.34000015 , 0.133215964
4.35000038 , 0.147014692
4.36000013 , 0.103404157
4.37000036 , 0.101700686
4.38000011 , 0.109707482
4.39000034 , 9.79533195E-02
4.40000010 , 0.118395403
4.41000032 , 8.72209594E-02
4.42000008 , 9.21609625E-02
4.43000031 , 8.46656859E-02
4.44000053 , 6.91634640E-02
4.45000029 , 7.27412328E-02
4.46000051 , 7.35929012E-02
4.47000027 , 9.65905413E-02
4.48000050 , 0.104256779
4.49000025 , 7.92145655E-02
4.50000048 , 0.102723449
4.51000023 , 9.25019309E-02
4.52000046 , 9.30134356E-02
4.53000021 , 9.74423438E-02
4.54000044 , 0.101701371
4.55000019 , 0.118736647
4.56000042 , 0.110900395
4.57000017 , 0.109878175
4.58000040 , 0.100679137
4.59000015 , 9.36945677E-02
4.60000038 , 0.106300808
4.61000013 , 0.104256369
4.62000036 , 0.106982470
4.63000011 , 0.109025963
4.64000034 , 0.112603456
4.65000010 , 0.100338049
4.66000032 , 8.29618052E-02
4.67000055 , 7.97254071E-02
4.68000031 , 8.15990269E-02
4.69000053 , 9.48866606E-02
4.70000029 , 7.52962381E-02
4.71000051 , 9.93156880E-02
4.72000027 , 7.71702603E-02
4.73000050 , 7.58070797E-02
4.74000025 , 9.64205265E-02
4.75000048 , 7.13785812E-02
4.76000023 , 8.63693580E-02
4.77000046 , 9.72721875E-02
4.78000021 , 0.111070395
4.79000044 , 0.105960183
4.80000019 , 9.02873352E-02
4.81000042 , 0.108685344
4.82000017 , 8.84135887E-02
4.83000040 , 9.26717967E-02
4.84000015 , 9.91455317E-02
4.85000038 , 8.17692950E-02
4.86000013 , 8.73908922E-02
4.87000036 , 9.38642323E-02
4.88000011 , 8.75612497E-02
4.89000034 , 7.92138204E-02
4.90000057 , 7.83621520E-02
4.91000032 , 7.92138875E-02
4.92000055 , 8.96055475E-02
4.93000031 , 8.05767253E-02
4.94000053 , 9.62493643E-02
4.95000029 , 7.52959028E-02
4.96000051 , 8.84129182E-02
4.97000027 , 8.12584609E-02
4.98000050 , 8.17695782E-02
4.99000025 , 9.84639600E-02
5.00000048 , 9.14797038E-02
5.01000023 , 0.105789356
5.02000046 , 9.14797783E-02
5.03000021 , 0.115158670
5.04000044 , 0.111411095
5.05000019 , 0.105278179
5.06000042 , 0.124868937
5.07000017 , 9.59090889E-02
5.08000040 , 0.132705331
5.09000015 , 0.111240834
5.10000038 , 0.108515188
5.11000013 , 0.102552824
5.12000036 , 9.04576927E-02
5.13000059 , 9.89753976E-02
5.14000034 , 7.17188045E-02
5.15000057 , 9.16499868E-02
5.16000032 , 8.17695037E-02
5.17000055 , 9.40348431E-02
5.18000031 , 9.42049995E-02
5.19000053 , 7.56363943E-02
5.20000029 , 7.88731873E-02
5.21000051 , 6.18377812E-02
5.22000027 , 9.18199345E-02
5.23000050 , 7.71695897E-02
5.24000025 , 9.06272307E-02
5.25000048 , 7.41031989E-02
5.26000023 , 6.96739629E-02
5.27000046 , 7.30811059E-02
5.28000021 , 5.34905568E-02
5.29000044 , 6.86521456E-02
5.30000019 , 6.78003430E-02
5.31000042 , 8.14286768E-02
5.32000017 , 7.61477724E-02
5.33000040 , 6.66079819E-02
5.34000015 , 7.85327032E-02
5.35000038 , 8.02366436E-02
5.36000061 , 9.30129737E-02
5.37000036 , 8.41545016E-02
5.38000059 , 8.85836706E-02
5.39000034 , 8.80726278E-02
5.40000057 , 9.09684598E-02
5.41000032 , 9.09685344E-02
5.42000055 , 8.34729001E-02
5.43000031 , 9.60790887E-02
5.44000053 , 8.39840844E-02
5.45000029 , 8.43246505E-02
5.46000051 , 6.83110431E-02
5.47000027 , 7.29106963E-02
5.48000050 , 7.93841630E-02
5.49000025 , 6.50747195E-02
5.50000048 , 7.78510422E-02
5.51000023 , 5.45127764E-02
5.52000046 , 7.56365955E-02
5.53000021 , 5.96232675E-02
5.54000044 , 7.46143088E-02
5.55000019 , 7.03552142E-02
5.56000042 , 5.62161095E-02
5.57000017 , 7.83621445E-02
5.58000040 , 5.26390225E-02
5.59000063 , 7.10372105E-02
5.60000038 , 6.45637438E-02
5.61000061 , 6.54156134E-02
5.62000036 , 7.61477649E-02
5.63000059 , 5.57053424E-02
5.64000034 , 7.05258995E-02
5.65000057 , 4.70172912E-02
5.66000032 , 5.28094433E-02
5.67000055 , 4.90616597E-02
5.68000031 , 4.68472131E-02
5.69000053 , 5.72385341E-02
5.70000029 , 4.75283973E-02
5.71000051 , 6.60967976E-02
5.72000027 , 4.27585393E-02
5.73000050 , 5.74089549E-02
5.74000025 , 4.63359021E-02
5.75000048 , 5.11060990E-02
5.76000023 , 5.75795062E-02
5.77000046 , 5.05953319E-02
5.78000021 , 6.95043653E-02
5.79000044 , 5.60465120E-02
5.80000019 , 4.94025610E-02
5.81000042 , 5.45133203E-02
5.82000065 , 5.48540838E-02
5.83000040 , 6.57563135E-02
5.84000063 , 6.25197142E-02
5.85000038 , 7.05262423E-02
5.86000061 , 7.13781118E-02
5.87000036 , 7.27408901E-02
5.88000059 , 6.88224286E-02
5.89000034 , 8.10879767E-02
5.90000057 , 7.06962571E-02
5.91000032 , 9.43756849E-02
5.92000055 , 7.75106251E-02
5.93000031 , 7.15481937E-02
5.94000053 , 8.48359615E-02
5.95000029 , 6.76301420E-02
5.96000051 , 7.32517317E-02
5.97000027 , 5.80901392E-02
5.98000050 , 5.33203445E-02
5.99000025 , 6.88224956E-02
6.00000048 , 5.40018678E-02
6.01000023 , 7.03556910E-02
6.02000046 , 5.79198599E-02
6.03000021 , 6.11565970E-02
6.04000044 , 5.99642284E-02
6.05000019 , 4.13955599E-02
6.06000042 , 5.17871529E-02
6.07000065 , 3.81590948E-02
6.08000040 , 4.68469411E-02
6.09000063 , 5.55351339E-02
6.10000038 , 3.93514596E-02
6.11000061 , 4.46323603E-02
6.12000036 , 2.43606195E-02
6.13000059 , 2.48713903E-02
6.14000034 , 2.89598629E-02
6.15000057 , 1.90794468E-02
6.16000032 , 4.46324982E-02
6.17000055 , 2.43603475E-02
6.18000031 , 4.54843007E-02
6.19000053 , 3.27078439E-02
6.20000029 , 2.53825001E-02
6.21000051 , 4.65065204E-02
6.22000027 , 3.39003392E-02
6.23000050 , 6.01345152E-02
6.24000025 , 4.29290906E-02
6.25000048 , 5.62165938E-02
6.26000023 , 6.50749877E-02
6.27000046 , 4.30995077E-02
6.28000021 , 6.28605410E-02
6.29000044 , 3.83295082E-02
6.30000067 , 6.79709688E-02
6.31000042 , 4.44622152E-02
6.32000065 , 5.28093725E-02
6.33000040 , 4.51434702E-02
6.34000063 , 3.91811766E-02
6.35000038 , 5.82606830E-02
6.36000061 , 3.13448608E-02
6.37000036 , 4.51435409E-02
6.38000059 , 2.75970865E-02
6.39000034 , 4.24179807E-02
6.40000057 , 4.73581217E-02
6.41000032 , 3.18562426E-02
6.42000055 , 5.75793013E-02
6.43000031 , 3.25376317E-02
6.44000053 , 4.71879728E-02
6.45000029 , 2.94711757E-02
6.46000051 , 3.85000594E-02
6.47000027 , 4.58251983E-02
6.48000050 , 3.57740261E-02
6.49000025 , 5.40018044E-02
6.50000048 , 4.30991687E-02
6.51000023 , 3.83293070E-02
6.52000046 , 4.36102748E-02
6.53000069 , 2.57231910E-02
6.54000044 , 3.59444432E-02
6.55000067 , 4.30991650E-02
6.56000042 , 2.74268016E-02
6.57000065 , 3.42408344E-02
6.58000040 , 2.16347910E-02
6.59000063 , 3.37300636E-02
6.60000038 , 4.32698503E-02
6.61000061 , 1.82278436E-02
6.62000036 , 5.68981804E-02
6.63000059 , 2.43605543E-02
6.64000034 , 6.08163625E-02
6.65000057 , 5.62165938E-02
6.66000032 , 3.96924205E-02
6.67000055 , 7.52961710E-02
6.68000031 , 4.15662415E-02
6.69000053 , 7.29112700E-02
6.70000029 , 5.12763038E-02
6.71000051 , 3.95220406E-02
6.72000027 , 6.28603995E-02
6.73000050 , 3.59445773E-02
6.74000025 , 6.08161055E-02
6.75000048 , 3.13449651E-02
6.76000071 , 3.61149274E-02
6.77000046 , 3.40706892E-02
6.78000069 , 3.25375274E-02
6.79000044 , 5.48537746E-02
6.80000067 , 3.79886776E-02
6.81000042 , 6.16678745E-02
6.82000065 , 4.61656228E-02
6.83000040 , 5.11058681E-02
6.84000063 , 5.40018715E-02
6.85000038 , 5.17873541E-02
6.86000061 , 6.64378032E-02
6.87000036 , 5.19577004E-02
6.88000059 , 6.54155463E-02
6.89000034 , 6.25196025E-02
6.90000057 , 5.00837825E-02
6.91000032 , 5.31501397E-02
6.92000055 , 4.88913171E-02
6.93000031 , 5.40019423E-02
6.94000053 , 6.20085374E-02
6.95000029 , 5.79201318E-02
6.96000051 , 5.67276701E-02
6.97000027 , 6.03050627E-02
6.98000050 , 5.51944412E-02
6.99000072 , 5.91127314E-02
7.00000048 , 4.19070683E-02
7.01000071 , 5.29800206E-02
7.02000046 , 4.34402637E-02
7.03000069 , 4.08848189E-02
7.04000044 , 4.20773849E-02
7.05000067 , 2.58939136E-02
7.06000042 , 3.13450955E-02
7.07000065 , 2.21459642E-02
7.08000040 , 2.52122208E-02
7.09000063 , 2.62344722E-02
7.10000038 , 2.43604854E-02
7.11000061 , 3.66258323E-02
7.12000036 , 3.01524643E-02
7.13000059 , 4.32697199E-02
7.14000034 , 2.89600678E-02
7.15000057 , 5.28094769E-02
7.16000032 , 5.36612421E-02
7.17000055 , 4.44621481E-02
7.18000031 , 7.37630427E-02
7.19000053 , 6.11570030E-02
7.20000029 , 7.81922117E-02
7.21000051 , 6.78006485E-02
7.22000074 , 7.10375234E-02
7.23000050 , 7.05264136E-02
7.24000072 , 6.43936023E-02
7.25000048 , 7.76812062E-02
7.26000071 , 6.37121722E-02
7.27000046 , 6.14976287E-02
7.28000069 , 6.28603026E-02
7.29000044 , 5.22982962E-02
7.30000067 , 4.25881222E-02
7.31000042 , 4.34398279E-02
7.32000065 , 5.38315214E-02
7.33000040 , 4.76986505E-02
7.34000063 , 6.35415986E-02
7.35000038 , 5.34908660E-02
7.36000061 , 5.41723259E-02
7.37000036 , 5.40020801E-02
7.38000059 , 5.57054132E-02
7.39000034 , 6.23494014E-02
7.40000057 , 4.30995375E-02
7.41000032 , 5.63870408E-02
7.42000055 , 5.58760613E-02
7.43000031 , 4.80396785E-02
7.44000053 , 5.50241582E-02
7.45000076 , 4.07145061E-02
7.46000051 , 4.54844385E-02
7.47000074 , 4.12255488E-02
7.48000050 , 4.00329828E-02
7.49000072 , 4.13959287E-02
7.50000048 , 4.07144390E-02
7.51000071 , 4.95727696E-02
7.52000046 , 4.82100248E-02
7.53000069 , 3.13450955E-02
7.54000044 , 4.34401296E-02
7.55000067 , 2.74269395E-02
7.56000042 , 2.28272211E-02
7.57000065 , 3.30484360E-02
7.58000040 , 1.73759032E-02
7.59000063 , 3.61147895E-02
7.60000038 , 2.11237799E-02
7.61000061 , 3.16856541E-02
7.62000036 , 3.18560340E-02
7.63000059 , 2.23162789E-02
7.64000034 , 4.82099541E-02
7.65000057 , 2.36790944E-02
7.66000032 , 5.12764119E-02
7.67000055 , 4.85508218E-02
7.68000031 , 3.78184319E-02
7.69000053 , 5.77497818E-02
7.70000076 , 3.42410766E-02
7.71000051 , 4.94024977E-02
7.72000074 , 4.12256494E-02
7.73000050 , 3.37300934E-02
7.74000072 , 5.11060320E-02
7.75000048 , 3.50928418E-02
7.76000071 , 4.13959622E-02
7.77000046 , 2.77676340E-02
7.78000069 , 2.79380158E-02
7.79000044 , 3.59446816E-02
7.80000067 , 3.01527008E-02
7.81000042 , 3.28782573E-02
7.82000065 , 4.20773178E-02
7.83000040 , 3.52631882E-02
7.84000063 , 4.10551354E-02
7.85000038 , 3.49225290E-02
7.86000061 , 3.33893336E-02
7.87000036 , 4.15663123E-02
7.88000059 , 3.71370055E-02
7.89000034 , 4.34401669E-02
7.90000057 , 4.30993997E-02
7.91000032 , 3.90109979E-02
7.92000055 , 4.02034968E-02
7.93000078 , 2.58938130E-02
7.94000053 , 3.57743315E-02
7.95000076 , 3.10044046E-02
7.96000051 , 3.35596167E-02
7.97000074 , 3.04932613E-02
7.98000050 , 2.82786470E-02
7.99000072 , 2.67455876E-02
8.00000095 , 1.53318048E-02
8.01000023 , 2.50419751E-02
8.02000046 , 2.26569753E-02
8.03000069 , 2.89600324E-02
8.04000092 , 2.48716287E-02
8.05000019 , 1.89091321E-02
8.06000042 , 2.16348264E-02
8.07000065 , 1.02212457E-02
8.08000088 , 2.31680870E-02
8.09000015 , 1.44801000E-02
8.10000038 , 2.96415221E-02
8.11000061 , 3.33893336E-02
8.12000084 , 2.19756886E-02
8.13000011 , 3.45817953E-02
8.14000034 , 1.90796833E-02
8.15000057 , 3.95220406E-02
8.16000080 , 3.20265554E-02
8.17000103 , 3.27079929E-02
8.18000031 , 4.34401818E-02
8.19000053 , 2.24866979E-02
8.20000076 , 3.64556052E-02
8.21000099 , 2.35088170E-02
8.22000027 , 2.53826734E-02
8.23000050 , 4.07144055E-02
8.24000072 , 2.45307982E-02
8.25000095 , 3.33892331E-02
8.26000023 , 1.89091135E-02
8.27000046 , 1.70352589E-02
8.28000069 , 2.41901204E-02
8.29000092 , 1.63538679E-02
8.30000019 , 3.06635723E-02
8.31000042 , 2.70861257E-02
8.32000065 , 2.69157775E-02
8.33000088 , 2.64047384E-02
8.34000015 , 1.37986951E-02
8.35000038 , 1.70354117E-02
8.36000061 , 1.63539387E-02
8.37000084 , 2.38494761E-02
8.38000107 , 2.09534690E-02
8.39000034 , 2.31681038E-02
8.40000057 , 1.78871658E-02
8.41000080 , 2.29977202E-02
8.42000103 , 1.77168343E-02
8.43000031 , 1.44800842E-02
8.44000053 , 2.01017484E-02
8.45000076 , 9.53975692E-03
8.46000099 , 1.51614910E-02
8.47000027 , 9.19914618E-03
8.48000050 , 3.74781108E-03
8.49000072 , 1.02211963E-02
8.50000095 , 2.21456634E-03
8.51000023 , 1.46503476E-02
8.52000046 , 1.02215155E-03
8.53000069 , 1.00508155E-02
8.54000092 , 1.07322223E-02
8.55000019 , 4.25876863E-03
8.56000042 , 2.24866457E-02
8.57000065 , 6.81404630E-03
8.58000088 , 2.29976904E-02
8.59000015 , 1.77167524E-02
8.60000038 , 1.85684878E-02
8.61000061 , 2.40197890E-02
8.62000084 , 1.19246366E-02
8.63000107 , 2.40197722E-02
8.64000034 , 1.24357454E-02
8.65000057 , 2.09534187E-02
8.66000080 , 2.67455000E-02
8.67000103 , 1.65242497E-02
8.68000031 , 2.11238693E-02
8.69000053 , 1.83981732E-02
8.70000076 , 1.65242516E-02
8.71000099 , 2.45309845E-02
8.72000027 , 2.52123401E-02
8.73000050 , 1.85685884E-02
8.74000072 , 2.96415258E-02
8.75000095 , 1.68650337E-02
8.76000023 , 2.26570442E-02
8.77000046 , 1.77167878E-02
8.78000069 , 1.24357967E-02
8.79000092 , 2.94710752E-02
8.80000019 , 1.17543228E-02
8.81000042 , 2.98118368E-02
8.82000065 , 1.44799659E-02
8.83000088 , 8.34729243E-03
8.84000015 , 2.28273943E-02
8.85000038 , 5.28093707E-03
8.86000061 , 2.52123233E-02
8.87000084 , 7.83624873E-03
8.88000107 , 1.09025845E-02
8.89000034 , 1.37986932E-02
8.90000057 , 1.14137465E-02
8.91000080 , 1.90796126E-02
8.92000103 , 9.02879890E-03
8.93000031 , 2.23163329E-02
8.94000053 , 1.82278771E-02
8.95000076 , 1.78871825E-02
8.96000099 , 1.55022349E-02
8.97000027 , 2.04424933E-02
8.98000050 , 2.47013289E-02
8.99000072 , 2.64048707E-02
9.00000095 , 2.31680684E-02
9.01000023 , 2.12942306E-02
9.02000046 , 2.06128564E-02
9.03000069 , 2.01017316E-02
9.04000092 , 2.19756551E-02
9.05000019 , 1.99314356E-02
9.06000042 , 2.75972355E-02
9.07000065 , 2.31681038E-02
9.08000088 , 1.51614733E-02
9.09000111 , 1.65242683E-02
9.10000038 , 1.60132106E-02
9.11000061 , 2.09534541E-02
9.12000084 , 1.99313182E-02
9.13000107 , 1.56724323E-02
9.14000034 , 1.70352925E-02
9.15000057 , 1.29467882E-02
9.16000080 , 9.71001945E-03
9.17000103 , 1.02211805E-02
9.18000031 , 9.53970570E-03
9.19000053 , 1.44799659E-02
9.20000076 , 1.70352776E-02
9.21000099 , 8.00654665E-03
9.22000027 , 1.46503635E-02
9.23000050 , 8.17694422E-03
9.24000072 , 1.65242720E-02
9.25000095 , 1.73760392E-02
9.26000023 , 8.17699451E-03
9.27000046 , 2.26570126E-02
9.28000069 , 1.46503458E-02
9.29000092 , 2.06127074E-02
9.30000019 , 2.41901558E-02
9.31000042 , 1.73760224E-02
9.32000065 , 2.82786563E-02
9.33000088 , 1.49910906E-02
9.34000111 , 2.29976531E-02
9.35000038 , 2.09534690E-02
9.36000061 , 2.21459344E-02
9.37000084 , 2.33384017E-02
9.38000107 , 1.97610203E-02
9.39000034 , 1.82278231E-02
9.40000057 , 1.90795977E-02
9.41000080 , 1.14136944E-02
9.42000103 , 9.88050178E-03
9.43000031 , 1.02211796E-02
9.44000053 , 5.45131695E-03
9.45000076 , 1.12433471E-02
9.46000099 , 8.34730826E-03
9.47000027 , 3.74774286E-03
9.48000050 , 1.20950500E-02
9.49000072 , 6.81409659E-03
9.50000095 , 1.19247204E-02
9.51000023 , 1.56725310E-02
9.52000046 , 1.44799808E-02
9.53000069 , 2.24866588E-02
9.54000092 , 1.31171849E-02
9.55000114 , 3.06635872E-02
9.56000042 , 1.89092476E-02
9.57000065 , 1.85685195E-02
9.58000088 , 2.35088300E-02
9.59000111 , 1.55022005E-02
9.60000038 , 2.12941822E-02
9.61000061 , 1.09026041E-02
9.62000084 , 1.44800832E-02
9.63000107 , 8.17702804E-03
9.64000034 , 4.08853916E-03
9.65000057 , 1.07323742E-02
9.66000080 , -1.02203339E-03
9.67000103 , 1.00509161E-02
9.68000031 , 4.42923419E-03
9.69000053 , 8.00662953E-03
9.70000076 , 1.17544075E-02
9.71000099 , 7.15487637E-03
9.72000027 , 1.99314356E-02
9.73000050 , 7.32519059E-03
9.74000072 , 2.50419751E-02
9.75000095 , 2.06127744E-02
9.76000023 , 2.29976904E-02
9.77000046 , 2.47012656E-02
9.78000069 , 1.26061775E-02
9.79000092 , 2.86194552E-02
9.80000114 , 1.43097527E-02
9.81000042 , 1.97610389E-02
9.82000065 , 1.90796331E-02
9.83000088 , 1.49911260E-02
9.84000111 , 2.09535528E-02
9.85000038 , 5.62173314E-03
9.86000061 , 1.53318886E-02
9.87000084 , 1.05620101E-02
9.88000107 , 1.82278771E-02
9.89000034 , 1.75464544E-02
9.90000057 , 1.80574954E-02
9.91000080 , 2.28274092E-02
9.92000103 , 1.34579996E-02
9.93000031 , 2.11239010E-02
9.94000053 , 1.68650653E-02
9.95000076 , 2.12942492E-02
9.96000099 , 1.95907243E-02
9.97000027 , 1.56725477E-02
9.98000050 , 1.95906889E-02
9.99000072 , 1.00508668E-02
10.0000010 , 1.29468730E-02
10.0100012 , 7.32524088E-03
10.0200005 , 7.15485960E-03
10.0300007 , 1.55021846E-02
10.0400009 , 1.24358302E-02
10.0500011 , 7.49558024E-03
10.0600004 , 6.13271631E-03
10.0700006 , 1.02211796E-02
10.0800009 , 9.19907913E-03
10.0900011 , 9.71013866E-03
10.1000004 , 9.02876537E-03
10.1100006 , 1.48207704E-02
10.1200008 , 8.85836687E-03
10.1300011 , 1.02212047E-02
10.1400003 , 7.15482561E-03
10.1500006 , 5.62164048E-03
10.1600008 , 2.07830705E-02
10.1700010 , 1.34578729E-02
10.1800003 , 1.58428121E-02
10.1900005 , 1.27764782E-02
10.2000008 , 9.02869739E-03
10.2100010 , 1.82277709E-02
10.2200003 , 1.15839755E-02
10.2300005 , 1.44799938E-02
10.2400007 , 1.55021008E-02
10.2500010 , 1.90795381E-02
10.2600012 , 1.87388361E-02
10.2700005 , 1.17543638E-02
10.2800007 , 1.09025864E-02
10.2900009 , 1.03915604E-02
10.3000011 , 1.70353185E-02
10.3100004 , 1.80574302E-02
10.3200006 , 1.55021092E-02
10.3300009 , 1.03915446E-02
10.3400011 , 1.83981173E-02
10.3500004 , 1.43096605E-02
10.3600006 , 7.83620682E-03
10.3700008 , 1.32875256E-02
10.3800011 , 7.15479255E-03
10.3900003 , 1.75463613E-02
10.4000006 , 1.51614137E-02
10.4100008 , 1.09025529E-02
10.4200010 , 8.17689393E-03
10.4300003 , 9.53972340E-03
10.4400005 , 1.77166685E-02
10.4500008 , 9.88041703E-03
10.4600010 , 1.26060685E-02
10.4700003 , 1.02211395E-02
10.4800005 , 1.03914598E-02
10.4900007 , 8.00655410E-03
10.5000010 , 8.85830820E-03
10.5100012 , 9.36937518E-03
10.5200005 , 1.07322047E-02
10.5300007 , 1.27764670E-02
10.5400009 , 8.85835104E-03
10.5500011 , 9.88047663E-03
10.5600004 , 5.79201430E-03
10.5700006 , 1.63539294E-02
10.5800009 , 6.64381962E-03
10.5900011 , 1.34579483E-02
10.6000004 , 1.75464116E-02
10.6100006 , 1.36287988E-03
10.6200008 , 1.58429127E-02
10.6300011 , 2.89608398E-03
10.6400003 , 1.37987044E-02
10.6500006 , 1.27765602E-02
10.6600008 , 3.45436000E-08
10.6700010 , 1.83982421E-02
10.6800003 , -4.76984354E-03
10.6900005 , 1.36282882E-02
10.7000008 , 4.42921836E-03
10.7100010 , 3.57744773E-03
10.7200012 , 1.72056854E-02
10.7300005 , 3.23671033E-03
10.7400007 , 1.41393030E-02
10.7500010 , 2.38491385E-03
10.7600012 , 5.96237788E-03
10.7700005 , 1.75464284E-02
10.7800007 , 3.40705714E-03
10.7900009 , 1.95906404E-02
10.8000011 , 1.12433322E-02
10.8100004 , 1.15840593E-02
10.8200006 , 1.03915781E-02
10.8300009 , 5.79207251E-03
10.8400011 , 1.72057338E-02
10.8500004 , 8.34736694E-03
10.8600006 , 1.63539723E-02
10.8700008 , 9.71017126E-03
10.8800011 , 6.13275915E-03
10.8900003 , 1.39690330E-02
10.9000006 , 2.72570201E-03
10.9100008 , 8.34737625E-03
10.9200010 , 6.47345372E-03
10.9300003 , 5.28098829E-03
10.9400005 , 9.36944410E-03
10.9500008 , -2.04422744E-03
10.9600010 , 9.02873091E-03
10.9700012 , 8.51778896E-04
10.9800005 , 2.21456587E-03
10.9900007 , 1.05619086E-02
11.0000010 , 1.19244005E-03
11.0100012 , 6.47342019E-03
11.0200005 , 8.00657179E-03
11.0300007 , -2.04426120E-03
11.0400009 , 4.08843858E-03
11.0500011 , 4.59953956E-03
11.0600004 , 2.55525275E-03
11.0700006 , 3.06637120E-03
11.0800009 , 3.57743003E-03
11.0900011 , 9.53983329E-03
11.1000004 , -3.74774355E-03
11.1100006 , 1.53322739E-03
11.1200008 , 1.02218532E-03
11.1300011 , -4.08838736E-03
11.1400003 , 6.81423256E-03
11.1500006 , 2.72578606E-03
11.1600008 , 3.06647201E-03
11.1700010 , 5.11072529E-03
11.1800013 , 5.45140309E-03
11.1900005 , 5.11068292E-03
11.2000008 , 3.57752293E-03
11.2100010 , 7.15490244E-03
11.2200012 , 3.06640426E-03
11.2300005 , 6.13273261E-03
11.2400007 , 3.40706506E-03
11.2500010 , 6.13273261E-03
11.2600012 , 6.47339365E-03
11.2700005 , 4.08844603E-03
11.2800007 , 5.79199661E-03
11.2900009 , -1.19249942E-03
11.3000011 , 5.11055579E-03
11.3100004 , -4.94030165E-03
11.3200006 , 4.59952233E-03
11.3300009 , 5.96236018E-03
11.3400011 , 1.70355488E-04
11.3500004 , 1.19247297E-02
11.3600006 , -1.19249045E-03
11.3700008 , 7.66589446E-03
11.3800011 , 2.21459265E-03
11.3900003 , 2.89601553E-03
11.4000006 , 8.68805405E-03
11.4100008 , -1.36279513E-03
11.4200010 , 1.56725515E-02
11.4300013 , 1.19250873E-03
11.4400005 , 2.89604091E-03
11.4500008 , 8.00662208E-03
11.4600010 , -6.30303798E-03
11.4700012 , 1.02212215E-02
11.4800005 , -2.55526975E-03
11.4900007 , 1.36282935E-03
11.5000010 , 3.06636235E-03
11.5100012 , -2.21462571E-03
11.5200005 , 4.94024251E-03
11.5300007 , -1.02211973E-02
11.5400009 , 1.87385420E-03
11.5500011 , 2.89600622E-03
11.5600004 , -2.89604068E-03
11.5700006 , 6.30305568E-03
11.5800009 , -6.47346256E-03
11.5900011 , -5.11067687E-04
11.6000004 , -2.89600715E-03
11.6100006 , -5.45129413E-03
11.6200008 , 3.74779385E-03
11.6300011 , -2.55526975E-03
11.6400013 , 9.36943479E-03
11.6500006 , 1.70356641E-03
11.6600008 , -2.55530304E-03
11.6700010 , 4.94029326E-03
11.6800013 , 1.70178041E-08
11.6900005 , 4.59959079E-03
11.7000008 , 9.02873930E-03
11.7100010 , 6.13275031E-03
11.7200012 , 9.53979138E-03
11.7300005 , -6.81423349E-04
11.7400007 , 6.98447786E-03
11.7500010 , 2.38493900E-03
11.7600012 , 1.87387131E-03
11.7700005 , 2.89599737E-03
11.7800007 , -1.87390565E-03
11.7900009 , 4.25880216E-03
11.8000011 , -8.51796416E-04
11.8100004 , 2.89598922E-03
11.8200006 , 3.06635373E-03
11.8300009 , 8.34729057E-03
11.8400011 , 1.00508649E-02
11.8500004 , 1.70338564E-04
11.8600006 , 1.22654326E-02
11.8700008 , 0.00000000
11.8800011 , 1.02212057E-02
11.8900013 , 9.88049433E-03
11.9000006 , 6.13273494E-03
11.9100008 , 2.24866811E-02
11.9200010 , 4.33488339E-08
11.9300013 , 1.19247381E-02
11.9400005 , 2.21462711E-03
11.9500008 , 3.74780362E-03
11.9600010 , 1.17544178E-02
11.9700012 , 3.46282683E-08
11.9800005 , 1.17544085E-02
11.9900007 , 8.34733248E-03
12.0000010 , 6.47343555E-03
12.0100012 , 5.11062378E-03
12.0200005 , 6.81398262E-04
12.0300007 , 6.98446156E-03
12.0400009 , 4.42917552E-03
12.0500011 , 3.23670078E-03
12.0600004 , 5.28093707E-03
12.0700006 , 6.81413105E-03
12.0800009 , -2.55531142E-03
12.0900011 , 5.45129366E-03
12.1000004 , -3.40708252E-03
12.1100006 , 3.06635373E-03
12.1200008 , 6.81411428E-03
12.1300011 , -1.53319398E-03
12.1400013 , 5.28095430E-03
12.1500006 , 4.76990314E-03
12.1600008 , 1.36280397E-03
12.1700010 , 3.91809968E-03
12.1800013 , -1.19251572E-03
12.1900005 , 4.42917505E-03
12.2000008 , 7.15483446E-03
12.2100010 , 6.81416539E-04
12.2200012 , 6.98448764E-03
12.2300005 , 8.51771852E-04
12.2400007 , -1.70320607E-04
12.2500010 , 6.81414921E-03
12.2600012 , -1.36282900E-03
12.2700005 , 1.19247548E-02
12.2800007 , 2.55532097E-03
12.2900009 , 3.91815882E-03
12.3000011 , 1.27765154E-02
12.3100004 , -1.36281247E-03
12.3200006 , 1.72057003E-02
12.3300009 , 1.53319340E-03
12.3400011 , 7.66590098E-03
